created_at,is_original_post,feed_impressions,feed_impressions_post_age_hours,word_count,hashtag_count,has_image,has_video,has_document
2026-07-18 05:31:32.243000+00:00,True,23.0,9.426599,5,4,True,False,False
2026-07-17 18:07:35.677000+00:00,True,79.0,20.825645,25,6,True,False,False
2026-07-17 05:39:12.095000+00:00,True,136.0,33.298862,72,5,False,False,True
2026-07-17 03:56:12.643000+00:00,True,110.0,35.015377,79,5,False,False,False
2026-07-17 02:26:22.213000+00:00,True,54.0,36.512719,11,10,True,False,False
2026-07-15 16:09:04.343000+00:00,True,86.0,70.801016,1,0,True,False,False
2026-07-15 15:46:01.782000+00:00,True,93.0,71.185061,93,5,True,False,False
2026-07-15 15:37:31.984000+00:00,True,82.0,71.326671,6,4,True,False,False
2026-07-15 14:22:28.323000+00:00,True,62.0,72.577688,5,4,True,False,False
2026-07-15 11:57:30.636000+00:00,True,61.0,74.993712,3,3,True,False,False
2026-07-15 04:24:12.721000+00:00,True,77.0,82.548689,11,2,False,False,False
2026-07-15 01:30:29.595000+00:00,True,94.0,85.444001,22,10,True,False,False
2026-07-14 13:40:07.732000+00:00,True,65.0,97.283408,30,4,False,False,False
2026-07-14 02:00:04.237000+00:00,True,78.0,108.951045,11,2,False,False,False
2026-07-13 23:52:59.943000+00:00,True,76.0,111.068905,26,12,True,False,False
2026-07-13 23:34:20.667000+00:00,True,52.0,111.379815,21,10,True,False,False
2026-07-13 23:30:57.711000+00:00,True,54.0,111.436191,26,12,True,False,False
2026-07-13 23:23:14.527000+00:00,True,59.0,111.564854,2,0,False,True,False
2026-07-13 22:58:12.208000+00:00,True,51.0,111.982164,21,10,True,False,False
2026-07-13 22:37:55.569000+00:00,True,70.0,112.32012,73,3,False,False,False
2026-07-13 22:01:30.859000+00:00,True,117.0,112.926984,115,4,True,False,False
2026-07-13 21:53:13.447000+00:00,True,83.0,113.065154,98,4,False,False,True
2026-07-13 21:49:37.409000+00:00,True,82.0,113.125164,129,4,False,False,True
2026-07-13 20:31:08.871000+00:00,True,214.0,114.433091,78,6,False,False,False
2026-07-13 16:41:18.859000+00:00,True,124.0,118.26365,31,15,True,False,False
2026-07-13 15:16:35.512000+00:00,True,107.0,119.675691,32,15,True,False,False
2026-07-13 00:16:49.426000+00:00,True,209.0,134.671826,127,3,True,False,False
2026-07-13 00:07:01.779000+00:00,True,111.0,134.835061,128,3,True,False,False
2026-07-13 00:02:19.970000+00:00,True,128.0,134.913342,111,3,False,False,True
2026-07-12 18:54:46.242000+00:00,True,183.0,140.039377,67,7,False,True,False
2026-07-12 17:53:48.301000+00:00,True,195.0,141.055472,95,5,True,False,False
2026-07-12 15:58:05.384000+00:00,True,215.0,142.98406,67,1,False,False,False
2026-07-12 15:11:26.436000+00:00,True,143.0,143.761546,198,3,False,False,False
2026-07-12 05:13:41.413000+00:00,True,112.0,153.724052,3,0,True,False,False
2026-07-12 04:21:08.984000+00:00,True,60.0,154.599727,9,4,True,False,False
2026-07-12 03:17:44.250000+00:00,True,74.0,155.656597,43,3,False,False,False
2026-07-12 01:25:42.026000+00:00,True,164.0,157.523882,29,4,False,False,False
2026-07-12 01:22:01.465000+00:00,True,145.0,157.585149,2,0,True,False,False
2026-07-12 01:09:13.310000+00:00,True,126.0,157.798525,140,7,False,False,False
2026-07-12 00:51:55.056000+00:00,True,102.0,158.086929,67,5,True,False,False
2026-07-12 00:47:46.880000+00:00,True,90.0,158.155867,9,4,True,False,False
2026-07-12 00:44:12.460000+00:00,True,86.0,158.215428,5,2,True,False,False
2026-07-12 00:37:33.527000+00:00,True,92.0,158.326243,33,3,False,False,False
2026-07-11 23:15:09.355000+00:00,True,108.0,159.699624,109,9,True,False,False
2026-07-11 22:53:11.850000+00:00,True,126.0,160.065597,111,8,True,False,False
2026-07-11 22:51:41.039000+00:00,True,117.0,160.090823,119,8,True,False,False
2026-07-11 22:49:57.661000+00:00,True,91.0,160.119539,116,8,True,False,False
2026-07-11 22:47:24.154000+00:00,True,83.0,160.162179,120,8,True,False,False
2026-07-11 22:40:51.470000+00:00,True,115.0,160.271258,111,8,True,False,False
2026-07-11 22:30:17.631000+00:00,True,235.0,160.447325,137,8,False,False,True
2026-07-11 18:30:30.544000+00:00,True,138.0,164.443738,9,4,True,False,False
2026-07-11 16:15:40.617000+00:00,True,126.0,166.69094,69,6,True,False,False
2026-07-11 16:02:59.290000+00:00,True,90.0,166.902419,9,4,True,False,False
2026-07-11 15:52:34.768000+00:00,True,72.0,167.075898,26,12,True,False,False
2026-07-11 15:49:20.204000+00:00,True,64.0,167.129943,19,9,True,False,False
2026-07-11 15:41:39.734000+00:00,True,48.0,167.257852,9,4,True,False,False
2026-07-11 12:39:03.378000+00:00,True,89.0,170.301284,55,9,True,False,False
2026-07-11 02:38:06.086000+00:00,True,135.0,180.317198,175,8,True,False,False
2026-07-11 01:38:16.360000+00:00,True,351.0,181.314344,114,6,True,False,False
2026-07-10 19:55:25.271000+00:00,True,165.0,187.028536,238,6,False,True,False
2026-07-10 17:36:57.662000+00:00,True,163.0,189.336205,42,14,True,False,False
2026-07-10 17:26:54.052000+00:00,True,124.0,189.503874,59,5,False,False,False
2026-07-10 16:57:24.963000+00:00,True,245.0,189.995288,211,12,False,True,False
2026-07-10 16:38:05.854000+00:00,True,118.0,190.317263,78,7,False,False,False
2026-07-10 13:31:33.397000+00:00,True,58.0,193.426279,20,10,True,False,False
2026-07-10 13:24:27.391000+00:00,True,59.0,193.544614,71,5,False,False,False
2026-07-10 00:51:11.473000+00:00,True,317.0,206.099035,50,5,False,False,False
2026-07-10 00:39:24.916000+00:00,True,189.0,206.295301,105,8,True,False,False
2026-07-10 00:20:26.901000+00:00,True,138.0,206.611416,32,15,True,False,False
2026-07-09 23:50:44.171000+00:00,True,208.0,207.106619,106,10,False,False,False
2026-07-09 19:24:26.320000+00:00,True,11923.0,211.544911,157,8,False,False,False
2026-07-09 16:30:52.219000+00:00,True,133.0,214.437717,175,5,True,False,False
2026-07-09 01:58:14.077000+00:00,True,109.0,228.981645,19,6,False,True,False
2026-07-09 00:59:03.823000+00:00,True,74.0,229.967827,145,5,True,False,False
2026-07-09 00:07:31.996000+00:00,True,77.0,230.826668,26,8,False,True,False
2026-07-08 23:39:33.391000+00:00,True,95.0,231.292947,95,8,True,False,False
2026-07-08 19:26:22.057000+00:00,True,82.0,235.512762,50,6,False,False,False
2026-07-07 17:28:50.749000+00:00,True,93.0,261.471459,114,8,False,False,False
2026-07-07 13:44:39.606000+00:00,True,93.0,265.207887,44,8,True,False,False
2026-07-07 05:31:53.092000+00:00,True,112.0,273.420808,103,7,False,False,False
2026-07-06 21:16:49.034000+00:00,True,205.0,281.671935,161,5,True,False,False
2026-07-06 17:57:54.151000+00:00,True,150.0,284.98718,58,20,True,False,False
2026-07-06 11:24:47.125000+00:00,True,121.0,291.539132,20,10,True,False,False
2026-07-06 00:03:43.143000+00:00,True,119.0,302.890238,2,1,True,False,False
2026-07-05 23:58:44.893000+00:00,True,88.0,302.973085,29,14,True,False,False
2026-07-05 23:20:00.836000+00:00,True,125.0,303.618657,226,10,False,False,False
2026-07-05 21:51:18.137000+00:00,True,183.0,305.097184,408,9,True,False,False
2026-07-05 21:18:23.195000+00:00,True,118.0,305.645779,1,0,True,False,False
2026-07-05 20:21:42.779000+00:00,True,117.0,306.590339,198,20,False,False,False
2026-07-05 19:28:59.369000+00:00,True,126.0,307.469064,20,10,True,False,False
2026-07-05 18:29:41.137000+00:00,True,177.0,308.457462,142,6,True,False,False
2026-07-05 17:49:16.868000+00:00,True,134.0,309.13087,83,5,False,True,False
2026-07-05 17:17:27.374000+00:00,True,87.0,309.661285,22,10,True,False,False
2026-07-05 16:15:09.754000+00:00,True,104.0,310.699513,158,16,False,False,False
2026-07-04 22:09:01.794000+00:00,True,98.0,328.801724,64,6,True,False,False
2026-07-04 21:57:44.596000+00:00,True,85.0,328.989834,70,7,False,False,False
2026-07-04 21:41:49.216000+00:00,True,146.0,329.255218,120,7,False,True,False
2026-07-04 21:19:09.567000+00:00,True,180.0,329.632898,166,10,False,True,False
2026-07-04 16:08:57.297000+00:00,True,150.0,334.802973,25,3,False,False,False
2026-07-04 15:37:39.227000+00:00,True,119.0,335.324659,27,5,False,False,False
2026-07-04 15:20:34.576000+00:00,True,165.0,335.609284,146,8,False,True,False
2026-07-04 13:58:24.656000+00:00,True,206.0,336.978707,169,5,True,False,False
2026-07-03 23:48:16.416000+00:00,True,353.0,351.147662,328,14,False,False,False
2026-07-03 23:33:15.167000+00:00,True,335.0,351.398009,325,9,True,False,False
2026-07-03 23:03:17.271000+00:00,True,191.0,351.897425,448,16,True,False,False
2026-07-03 22:53:02.453000+00:00,True,108.0,352.068208,99,7,True,False,False
2026-07-03 22:43:03.026000+00:00,True,88.0,352.234715,17,8,True,False,False
2026-07-03 22:31:47.672000+00:00,True,101.0,352.422313,310,10,True,False,False
2026-07-03 20:51:37.656000+00:00,True,424.0,354.091762,64,5,True,False,False
2026-07-03 20:05:45.360000+00:00,True,113.0,354.856289,184,14,True,False,False
2026-07-03 19:43:06.561000+00:00,True,87.0,355.233733,178,14,True,False,False
2026-07-02 03:53:20.629000+00:00,True,228.0,395.063159,40,5,True,False,False
2026-07-01 23:44:50.992000+00:00,True,235.0,399.204724,129,10,False,True,False
2026-07-01 05:27:07.581000+00:00,True,111.0,417.500116,9,4,True,False,False
2026-07-01 05:03:47.859000+00:00,True,99.0,417.888928,15,7,True,False,False
2026-06-30 17:07:40.366000+00:00,True,117.0,429.824343,12,5,True,False,False
2026-06-30 16:57:38.800000+00:00,True,123.0,429.991444,232,6,False,False,False
2026-06-30 14:22:58.708000+00:00,True,128.0,432.569248,18,2,False,False,False
2026-06-29 20:48:27.119000+00:00,True,495.0,450.144689,144,13,False,False,False
2026-06-29 19:49:45.607000+00:00,True,1373.0,451.122887,131,8,False,False,False
2026-06-29 19:34:34.798000+00:00,True,133.0,451.375889,274,8,True,False,False
2026-06-29 18:39:52.806000+00:00,True,197.0,452.287554,160,10,True,False,False
2026-06-29 15:28:25.198000+00:00,True,132.0,455.478556,85,7,True,False,False
2026-06-29 15:16:55.400000+00:00,True,76.0,455.670167,4,2,True,False,False
2026-06-29 14:57:25.779000+00:00,True,63.0,455.995061,9,4,True,False,False
2026-06-29 00:37:06.324000+00:00,True,169.0,470.333799,9,4,True,False,False
2026-06-28 23:46:05.427000+00:00,True,216.0,471.184048,46,5,False,False,False
2026-06-28 23:19:11.171000+00:00,True,500.0,471.632452,48,5,True,False,False
2026-06-28 21:13:22.947000+00:00,True,156.0,473.729181,33,5,False,False,False
2026-06-28 14:20:30.257000+00:00,True,1254.0,480.610484,127,8,False,False,False
2026-06-28 01:57:23.813000+00:00,True,362.0,492.995608,54,3,False,False,False
2026-06-27 22:44:27.529000+00:00,True,325.0,496.211242,311,3,False,False,False
2026-06-27 21:47:22.262000+00:00,True,307.0,497.162705,32,3,True,False,False
2026-06-27 21:31:32.758000+00:00,True,201.0,497.426456,14,3,False,False,False
2026-06-27 16:22:53.682000+00:00,True,192.0,502.570644,25,12,True,False,False
2026-06-27 16:12:17.494000+00:00,True,209.0,502.747363,31,3,False,False,False
2026-06-27 15:19:58.996000+00:00,True,238.0,503.619168,411,10,True,False,False
2026-06-27 14:18:50.351000+00:00,True,403.0,504.638236,355,6,True,False,False
2026-06-27 13:09:17.004000+00:00,True,282.0,505.797499,176,7,True,False,False
2026-06-27 03:37:00.790000+00:00,True,217.0,515.335336,9,4,True,False,False
2026-06-27 00:54:04.651000+00:00,True,165.0,518.05093,94,4,False,True,False
2026-06-27 00:07:22.197000+00:00,True,12238.0,518.82939,51,1,True,False,False
2026-06-26 22:30:50.455000+00:00,True,126.0,520.438207,31,4,False,False,False
2026-06-26 18:26:27.115000+00:00,True,199.0,524.511357,169,7,False,False,False
2026-06-26 17:04:20.072000+00:00,True,137.0,525.87998,2,0,True,False,False
2026-06-26 02:14:15.270000+00:00,True,120.0,540.714647,11,1,False,True,False
2026-06-26 00:38:20.478000+00:00,True,169.0,542.313201,13,3,False,False,False
2026-06-26 00:34:28.246000+00:00,True,168.0,542.377709,260,12,True,False,False
2026-06-26 00:19:34.719000+00:00,True,155.0,542.625911,208,8,True,False,False
2026-06-25 23:43:24.238000+00:00,True,186.0,543.228823,160,14,True,False,False
2026-06-25 23:14:28.410000+00:00,True,215.0,543.710997,93,5,False,False,False
2026-06-25 23:00:54.869000+00:00,True,220.0,543.936981,274,17,True,False,False
2026-06-25 22:26:58.147000+00:00,True,221.0,544.502737,318,5,False,False,False
2026-06-25 21:59:08.514000+00:00,True,3959.0,544.966524,259,5,False,False,False
2026-06-25 21:45:20.840000+00:00,True,716.0,545.196433,262,5,False,False,False
2026-06-25 21:34:44.929000+00:00,True,3840.0,545.373075,345,5,False,False,False
2026-06-25 20:42:10.631000+00:00,True,14005.0,546.249269,207,5,True,False,False
2026-06-25 20:20:00.264000+00:00,True,136.0,546.618816,39,19,True,False,False
2026-06-25 19:57:06.965000+00:00,True,101.0,547.000288,217,15,True,False,False
2026-06-25 19:41:30.986000+00:00,True,473.0,547.260282,51,1,False,False,False
2026-06-25 03:09:15.908000+00:00,True,357.0,563.797803,134,4,False,False,False
2026-06-25 00:54:01.946000+00:00,True,384.0,566.051682,154,12,False,False,False
2026-06-24 16:59:25.191000+00:00,True,109.0,573.961891,103,7,True,False,False
,True,65.0,594.6925,23,2,False,False,False
2026-06-22 15:23:17.903000+00:00,True,163.0,623.563916,57,4,True,False,False
2026-06-22 00:19:15.863000+00:00,True,281.0,638.631149,73,13,True,False,False
2026-06-21 21:23:50.037000+00:00,True,118.0,641.55499,1,0,True,False,False
2026-06-21 19:30:06.500000+00:00,True,187.0,643.450417,117,8,False,False,False
2026-06-21 18:09:52.420000+00:00,True,213.0,644.787661,43,4,False,False,False
2026-06-21 18:02:48.217000+00:00,True,201.0,644.905495,32,4,False,False,False
2026-06-21 16:18:25.013000+00:00,True,132.0,646.645274,367,6,True,False,False
2026-06-21 15:52:08.105000+00:00,True,138.0,647.083304,89,6,False,True,False
2026-06-21 15:39:21.594000+00:00,True,222.0,647.296224,82,6,False,False,False
2026-06-21 14:14:02.499000+00:00,True,82.0,648.718195,280,6,True,False,False
2026-06-21 11:33:45.388000+00:00,True,71.0,651.389614,8,4,False,True,False
2026-06-21 01:17:58.768000+00:00,True,173.0,661.652564,190,9,False,False,False
2026-06-21 00:47:13.606000+00:00,True,99.0,662.165109,16,1,False,False,False
2026-06-21 00:45:12.059000+00:00,True,89.0,662.198872,11,1,False,False,False
2026-06-21 00:37:25.828000+00:00,True,106.0,662.328381,341,11,False,False,False
2026-06-21 00:18:13.203000+00:00,True,100.0,662.648555,62,6,False,False,False
2026-06-20 22:23:20.743000+00:00,True,84.0,664.563127,249,19,False,False,False
2026-06-20 20:17:46.404000+00:00,True,78.0,666.655999,10,5,True,False,False
2026-06-20 15:56:35.062000+00:00,True,132.0,671.009149,319,6,True,False,False
2026-06-19 19:33:45.292000+00:00,True,252.0,691.389641,10,4,True,False,False
2026-06-19 16:53:53.771000+00:00,True,204.0,694.053952,356,11,True,False,False
2026-06-19 00:34:18.372000+00:00,True,143.0,710.380452,33,4,False,False,False
2026-06-18 18:51:31.498000+00:00,True,108.0,716.093473,152,5,True,False,False
2026-06-18 17:39:56.161000+00:00,True,1465.0,717.286622,91,3,True,False,False
2026-06-18 03:13:35.135000+00:00,True,426.0,731.725796,242,10,False,False,False
2026-06-18 02:32:50.712000+00:00,True,147.0,732.404802,59,4,True,False,False
2026-06-18 02:29:41.691000+00:00,True,83.0,732.457308,160,4,True,False,False
2026-06-17 20:42:12.026000+00:00,True,169.0,738.248882,218,14,True,False,False
2026-06-17 19:43:53.054000+00:00,True,150.0,739.220818,145,15,True,False,False
2026-06-16 21:46:03.127000+00:00,True,142.0,761.184687,201,7,True,False,False
2026-06-16 20:16:16.378000+00:00,True,127.0,762.681006,167,6,False,True,False
2026-06-16 18:43:28.283000+00:00,True,74.0,764.227699,11,5,True,False,False
2026-06-16 13:46:59.396000+00:00,True,129.0,769.169057,160,4,False,False,False
2026-06-14 21:35:02.648000+00:00,True,69.0,809.368153,83,13,False,False,False
2026-06-14 21:23:15.975000+00:00,True,130.0,809.564451,144,16,False,False,False
2026-06-14 21:15:29.751000+00:00,True,344.0,809.693958,156,15,True,False,False
2026-06-14 20:50:37.698000+00:00,True,177.0,810.108417,122,11,True,False,False
2026-06-14 19:34:09.322000+00:00,True,87.0,811.382966,51,25,False,True,False
2026-06-14 16:14:38.053000+00:00,True,53.0,814.708319,13,6,True,False,False
2026-06-13 16:40:27.189000+00:00,True,45.0,838.278003,8,4,True,False,False
2026-06-12 21:26:44.387000+00:00,True,116.0,857.506559,437,15,False,False,False
2026-06-12 03:10:41.447000+00:00,True,127.0,875.774042,37,5,False,False,False
2026-06-12 02:52:24.988000+00:00,True,72.0,876.078614,252,13,False,False,False
2026-06-12 00:46:39.334000+00:00,True,53.0,878.174629,20,10,False,True,False
2026-06-11 23:57:12.177000+00:00,True,40.0,878.99884,0,0,True,False,False
2026-06-11 23:33:32.734000+00:00,True,88.0,879.393129,37,9,True,False,False
2026-06-11 21:06:35.253000+00:00,True,75.0,881.84243,84,8,False,True,False
2026-06-11 20:56:01.580000+00:00,True,32.0,882.01845,10,5,True,False,False
2026-06-10 05:00:54.568000+00:00,True,91.0,921.937064,40,4,False,False,False
2026-06-10 04:54:54.950000+00:00,True,116.0,922.036958,72,10,False,False,False
2026-06-09 23:10:07.236000+00:00,True,76.0,927.783546,1,0,True,False,False
2026-06-09 01:00:00.543000+00:00,True,154.0,949.952071,56,5,False,False,False
2026-06-08 22:01:32.838000+00:00,True,88.0,952.926434,66,5,False,False,False
2026-06-08 19:16:07.762000+00:00,True,126.0,955.683399,63,5,False,False,False
2026-06-08 01:34:43.200000+00:00,True,41.0,973.373556,1,0,True,False,False
2026-06-07 23:24:37.940000+00:00,True,46.0,975.541683,11,5,True,False,False
2026-06-07 03:06:23.395000+00:00,True,67.0,995.845724,28,4,False,False,False
2026-06-06 12:34:59.867000+00:00,True,90.0,1010.368926,7,0,False,False,False
2026-06-06 04:09:50.658000+00:00,True,201.0,1018.788151,30,4,False,False,False
2026-06-06 04:00:42.666000+00:00,True,90.0,1018.940371,33,5,False,False,False
2026-06-06 03:50:41.956000+00:00,True,69.0,1019.107234,41,7,False,False,False
2026-06-05 19:47:18.986000+00:00,True,40.0,1027.163615,3,1,True,False,False
2026-06-05 18:48:46.392000+00:00,True,24.0,1028.139336,11,5,True,False,False
2026-06-05 02:41:12.963000+00:00,True,40.0,1044.265288,6,2,False,False,False
2026-06-05 01:57:55.007000+00:00,True,164.0,1044.986942,106,6,False,False,False
2026-06-05 01:57:03.730000+00:00,True,133.0,1045.001186,145,6,False,False,False
2026-06-04 19:32:51.512000+00:00,True,66.0,1051.40458,117,10,False,False,False
2026-06-04 15:54:00.937000+00:00,True,117.0,1055.051962,146,10,False,True,False
2026-06-03 01:09:02.655000+00:00,True,81.0,1093.801485,22,1,False,False,False
2026-06-02 20:48:42.619000+00:00,True,78.0,1098.140384,17,8,True,False,False
2026-06-02 20:34:34.964000+00:00,True,88.0,1098.375843,79,10,False,True,False
2026-06-02 03:08:40.022000+00:00,True,99.0,1115.807772,110,6,False,False,False
2026-06-01 00:04:42.564000+00:00,True,554.0,1142.873732,109,10,False,False,False
2026-05-31 22:25:52.128000+00:00,True,64.0,1144.521076,16,8,False,False,False
2026-05-31 20:52:28.967000+00:00,True,66.0,1146.077509,33,7,False,True,False
2026-05-31 02:20:30.305000+00:00,True,94.0,1164.610471,24,8,False,True,False
2026-05-31 00:35:23.826000+00:00,True,106.0,1166.362271,254,6,False,True,False
2026-05-30 21:36:30.331000+00:00,True,50.0,1169.343797,18,9,True,False,False
2026-05-29 19:33:48.083000+00:00,True,118.0,1195.388866,97,5,False,False,False
2026-05-28 21:21:46.762000+00:00,True,97.0,1217.589233,19,2,False,False,False
2026-05-28 20:58:00.102000+00:00,True,58.0,1217.985527,53,26,True,False,False
2026-05-28 19:37:53.311000+00:00,True,59.0,1219.320747,0,0,True,False,False
2026-05-28 19:22:45.533000+00:00,True,52.0,1219.572908,13,2,False,False,False
2026-05-28 18:38:21.863000+00:00,True,39.0,1220.312816,11,2,False,False,False
2026-05-28 02:03:26.710000+00:00,True,574.0,1236.894803,121,9,True,False,False
2026-05-26 00:21:08.121000+00:00,True,195.0,1286.599966,158,20,True,False,False
2026-05-25 21:51:13.125000+00:00,True,79.0,1289.098576,8,4,True,False,False
2026-05-25 21:39:35.224000+00:00,True,89.0,1289.292438,31,15,True,False,False
2026-05-25 18:46:09.974000+00:00,True,157.0,1292.182785,183,12,False,False,False
2026-05-25 15:45:23.445000+00:00,True,90.0,1295.19571,12,6,True,False,False
2026-05-25 15:34:38.372000+00:00,True,107.0,1295.374897,449,5,True,False,False
2026-05-25 02:13:32.908000+00:00,True,124.0,1308.726414,24,4,False,False,False
2026-05-25 01:55:54.217000+00:00,True,329.0,1309.020495,29,3,False,False,False
2026-05-25 01:37:51.768000+00:00,True,77.0,1309.321176,24,4,False,False,False
2026-05-24 23:15:20.961000+00:00,True,77.0,1311.6964,15,7,True,False,False
2026-05-24 22:39:40.245000+00:00,True,213.0,1312.291043,71,6,True,False,False
2026-05-24 22:23:30.402000+00:00,True,492.0,1312.560444,90,8,False,False,False
2026-05-24 18:35:09.943000+00:00,True,72.0,1316.366127,21,10,True,False,False
2026-05-24 18:28:41.675000+00:00,True,82.0,1316.473979,70,6,True,False,False
2026-05-24 00:18:36.786000+00:00,True,117.0,1334.642004,0,0,True,False,False
2026-05-23 23:08:23.452000+00:00,True,80.0,1335.812374,21,10,True,False,False
2026-05-23 22:53:23.652000+00:00,True,70.0,1336.062319,15,4,False,False,False
2026-05-21 00:58:06.039000+00:00,True,82.0,1405.983878,4,2,True,False,False
2026-05-21 00:40:31.377000+00:00,True,49.0,1406.27684,31,15,True,False,False
2026-05-21 00:31:37.261000+00:00,True,47.0,1406.425205,17,8,True,False,False
2026-05-20 16:42:03.514000+00:00,True,394.0,1414.251246,41,5,True,False,False
2026-05-20 03:31:24.219000+00:00,True,3385.0,1427.428828,41,5,False,False,False
2026-05-20 03:01:29.928000+00:00,True,23387.0,1427.927242,35,5,False,False,False
2026-05-20 02:13:39.254000+00:00,True,35.0,1428.724652,11,5,True,False,False
2026-05-20 01:05:55.673000+00:00,True,41.0,1429.853424,22,10,True,False,False
2026-05-19 22:31:17.194000+00:00,True,38.0,1432.430779,10,5,True,False,False
2026-05-19 03:10:04.957000+00:00,True,63.0,1451.784179,120,26,True,False,False
2026-05-19 03:00:48.098000+00:00,True,65.0,1451.938862,2,0,True,False,False
2026-05-19 02:45:22.631000+00:00,True,41.0,1452.195936,41,20,True,False,False
2026-05-19 01:45:55.570000+00:00,True,35.0,1453.186786,17,8,True,False,False
2026-05-18 23:03:00.736000+00:00,True,39.0,1455.902018,6,3,True,False,False
2026-05-18 20:17:28.080000+00:00,True,69.0,1458.661089,56,16,True,False,False
2026-05-18 19:57:52.459000+00:00,True,40.0,1458.98765,21,10,True,False,False
2026-05-18 19:52:09.863000+00:00,True,39.0,1459.082816,23,11,True,False,False
2026-05-18 02:57:33.574000+00:00,True,131.0,1475.992896,56,5,False,False,False
2026-05-18 02:13:23.844000+00:00,True,105.0,1476.728932,12,6,True,False,False
2026-05-18 01:57:36.094000+00:00,True,72.0,1476.992196,11,1,False,False,False
2026-05-17 16:59:04.518000+00:00,True,97.0,1485.967634,112,10,True,False,False
2026-05-17 16:38:57.459000+00:00,True,93.0,1486.302928,43,4,False,True,False
2026-05-17 02:32:13.026000+00:00,True,234.0,1500.415271,138,10,False,False,False
2026-05-17 01:33:56.880000+00:00,True,65.0,1501.386422,11,3,False,False,False
2026-05-17 01:12:25.235000+00:00,True,71.0,1501.745212,39,2,False,False,False
2026-05-17 00:59:33.524000+00:00,True,65.0,1501.959577,23,2,False,False,False
2026-05-17 00:57:59.429000+00:00,True,56.0,1501.985714,20,2,False,False,False
2026-05-17 00:56:51.308000+00:00,True,60.0,1502.004637,15,2,False,False,False
2026-05-17 00:56:01.473000+00:00,True,60.0,1502.01848,15,2,False,False,False
2026-05-17 00:55:29.193000+00:00,True,61.0,1502.027446,19,2,False,False,False
2026-05-17 00:55:09.662000+00:00,True,73.0,1502.032872,22,2,False,False,False
2026-05-17 00:54:34.135000+00:00,True,81.0,1502.04274,19,2,False,False,False
2026-05-17 00:54:11.226000+00:00,True,79.0,1502.049104,23,2,False,False,False
2026-05-17 00:53:35.732000+00:00,True,90.0,1502.058963,20,2,False,False,False
2026-05-17 00:50:43.121000+00:00,True,78.0,1502.106911,21,2,False,False,False
2026-05-17 00:44:04.792000+00:00,True,68.0,1502.217558,27,5,False,False,False
2026-05-17 00:39:15.392000+00:00,True,84.0,1502.297947,33,9,False,False,False
2026-05-17 00:09:53.896000+00:00,True,22.0,1502.787251,42,15,False,False,False
2026-05-16 23:47:20.424000+00:00,True,33.0,1503.163216,167,12,False,False,False
2026-05-16 23:31:34.741000+00:00,True,35.0,1503.425905,45,22,True,False,False
2026-05-16 23:08:06.440000+00:00,True,50.0,1503.8171,105,15,False,False,False
2026-05-16 22:58:58.441000+00:00,True,41.0,1503.969322,38,5,True,False,False
2026-05-16 15:05:05.382000+00:00,True,123.0,1511.867394,146,10,False,False,False
2026-05-15 20:13:56.390000+00:00,True,63.0,1530.719892,10,5,True,False,False
2026-05-14 20:53:20.455000+00:00,True,60.0,1554.063207,32,15,True,False,False
2026-05-14 20:31:04.474000+00:00,True,47.0,1554.434313,24,4,True,False,False
2026-05-14 15:54:26.554000+00:00,True,99.0,1559.044846,155,8,True,False,False
2026-05-14 15:09:04.820000+00:00,True,71.0,1559.800883,16,8,True,False,False
2026-05-14 01:26:06.779000+00:00,True,86.0,1573.517006,358,5,False,False,False
2026-05-13 22:15:03.388000+00:00,True,195.0,1576.701281,34,9,False,False,False
2026-05-13 18:48:42.368000+00:00,True,106.0,1580.140453,228,12,False,False,False
2026-05-12 14:16:35.205000+00:00,True,113.0,1608.675776,213,16,False,False,False
2026-05-12 00:30:59.444000+00:00,True,284.0,1622.43571,259,14,False,False,False
2026-05-11 21:47:53.745000+00:00,True,104.0,1625.15396,31,9,False,True,False
2026-05-11 12:45:19.972000+00:00,True,45.0,1634.196674,30,14,True,False,False
2026-05-10 19:30:44.351000+00:00,True,138.0,1651.439903,18,0,True,False,False
2026-05-09 19:49:39.633000+00:00,True,81.0,1675.124546,10,5,True,False,False
2026-05-09 17:41:00.395000+00:00,True,61.0,1677.268779,29,6,False,False,False
2026-05-08 20:31:28.757000+00:00,True,96.0,1698.427567,36,7,True,False,False
2026-05-08 19:04:58.557000+00:00,True,78.0,1699.86929,26,13,True,False,False
2026-05-08 18:15:33.672000+00:00,True,44.0,1700.692869,16,8,True,False,False
2026-05-08 17:13:36.141000+00:00,True,35.0,1701.725516,32,15,True,False,False
2026-05-08 16:43:43.860000+00:00,True,34.0,1702.223372,142,9,True,False,False
2026-05-08 14:37:32.875000+00:00,True,47.0,1704.326424,162,13,False,True,False
2026-05-08 14:07:55.189000+00:00,True,33.0,1704.820225,17,4,False,False,False
2026-05-08 13:27:08.042000+00:00,True,44.0,1705.499988,32,9,False,False,False
2026-05-08 01:16:17.287000+00:00,True,40.0,1717.680754,11,0,False,False,False
2026-05-07 23:09:00.518000+00:00,True,65.0,1719.802078,41,10,False,False,False
2026-05-07 15:46:53.661000+00:00,True,48.0,1727.17065,12,2,False,False,False
2026-05-07 05:18:24.206000+00:00,True,58.0,1737.645498,8,1,False,False,False
2026-05-07 00:52:52.448000+00:00,True,80.0,1742.070987,21,5,False,False,False
2026-05-05 15:54:49.951000+00:00,True,161.0,1775.038347,98,10,True,False,False
2026-05-04 22:44:00.989000+00:00,True,108.0,1792.218614,3,1,True,False,False
2026-05-04 22:12:17.642000+00:00,True,98.0,1792.747322,155,10,False,False,False
2026-05-04 01:04:28.261000+00:00,True,146.0,1813.877705,66,6,False,False,False
2026-05-03 23:10:05.585000+00:00,True,120.0,1815.784004,52,6,False,False,False
2026-05-03 22:47:12.146000+00:00,True,83.0,1816.165515,108,8,True,False,False
2026-05-03 22:01:17.731000+00:00,True,57.0,1816.93063,17,8,True,False,False
2026-05-03 20:42:17.111000+00:00,True,128.0,1818.247469,22,2,False,False,False
2026-05-03 20:14:40.772000+00:00,True,253.0,1818.707563,39,10,False,False,False
2026-05-03 20:06:13.923000+00:00,True,67.0,1818.848355,31,15,True,False,False
2026-05-03 20:02:44.866000+00:00,True,57.0,1818.906426,31,15,True,False,False
2026-05-03 19:42:23.026000+00:00,True,54.0,1819.245826,35,3,False,False,False
2026-05-03 19:11:54.185000+00:00,True,68.0,1819.753838,16,8,True,False,False
2026-05-03 17:15:47.015000+00:00,True,76.0,1821.689163,56,5,False,False,False
2026-05-03 04:17:11.529000+00:00,True,55.0,1834.665686,31,15,True,False,False
2026-05-03 02:49:48.870000+00:00,True,278.0,1836.121981,139,8,False,False,False
2026-05-03 02:20:45.173000+00:00,True,69.0,1836.606341,31,15,True,False,False
2026-05-03 02:06:20.071000+00:00,True,199.0,1836.846647,3,1,True,False,False
2026-05-03 01:45:29.921000+00:00,True,60.0,1837.193911,11,3,False,False,False
2026-05-03 01:37:19.783000+00:00,True,67349.0,1837.33006,135,14,True,False,False
2026-05-03 00:49:12.329000+00:00,True,45.0,1838.132131,31,15,True,False,False
2026-05-03 00:48:02.706000+00:00,True,50.0,1838.151471,1,0,True,False,False
2026-05-03 00:45:49.919000+00:00,True,40.0,1838.188356,21,10,True,False,False
2026-05-03 00:42:18.861000+00:00,True,54.0,1838.246983,1,0,True,False,False
2026-05-03 00:39:35.877000+00:00,True,32.0,1838.292256,29,14,True,False,False
2026-05-03 00:30:33.717000+00:00,True,30.0,1838.442856,19,9,True,False,False
2026-05-02 23:51:24.130000+00:00,True,44.0,1839.095519,41,20,True,False,False
2026-05-02 22:47:40.986000+00:00,True,73.0,1840.157504,52,5,False,False,False
2026-05-02 22:35:56.220000+00:00,True,83.0,1840.353272,165,8,True,False,False
2026-05-01 23:31:05.470000+00:00,True,42.0,1863.434036,13,6,True,False,False
2026-05-01 23:07:23.848000+00:00,True,269.0,1863.828931,63,9,False,True,False
2026-04-30 22:06:47.966000+00:00,True,28.0,1888.838898,22,1,False,False,False
2026-04-29 22:53:44.069000+00:00,True,34.0,1912.056648,3,1,True,False,False
2026-04-28 15:49:10.025000+00:00,True,35.0,1943.132771,12,6,True,False,False
2026-04-27 23:35:49.176000+00:00,True,50.0,1959.355229,70,8,False,True,False
2026-04-26 21:35:54.875000+00:00,True,29.0,1985.353646,11,5,True,False,False
2026-04-26 19:41:20.801000+00:00,True,22.0,1987.263111,4,2,True,False,False
2026-04-24 21:36:03.587000+00:00,True,40.0,2033.351226,0,0,True,False,False
2026-04-24 20:06:17.020000+00:00,True,68.0,2034.847494,27,3,False,False,False
2026-04-24 19:55:05.720000+00:00,True,28.0,2035.033967,40,11,True,False,False
2026-04-24 19:05:25.099000+00:00,True,32.0,2035.861917,44,4,False,False,False
2026-04-23 22:27:08.196000+00:00,True,96.0,2056.499946,41,20,True,False,False
2026-04-23 02:31:22.018000+00:00,True,34.0,2076.429439,17,8,True,False,False
2026-04-23 01:52:28.704000+00:00,True,31.0,2077.077582,17,8,True,False,False
2026-04-23 00:38:23.711000+00:00,True,16.0,2078.312302,17,8,True,False,False
2026-04-22 20:55:49.806000+00:00,True,42.0,2082.021721,4,0,True,False,False
2026-04-22 20:51:24.786000+00:00,True,32.0,2082.095337,1,0,True,False,False
2026-04-22 00:30:50.257000+00:00,True,580.0,2102.438262,21,10,True,False,False
2026-04-21 15:06:39.182000+00:00,True,21.0,2111.841338,3,1,False,False,False
2026-04-20 22:47:34.722000+00:00,True,25.0,2128.159244,0,0,True,False,False
2026-04-20 15:48:24.851000+00:00,True,55.0,2135.145319,49,7,True,False,False
2026-04-19 14:27:22.374000+00:00,True,42.0,2160.496007,185,8,True,False,False
2026-04-19 01:49:33.663000+00:00,True,41.0,2173.126205,1,0,False,True,False
2026-04-18 23:47:08.798000+00:00,True,29.0,2175.166445,1,0,True,False,False
2026-04-18 23:23:58.980000+00:00,True,26.0,2175.552506,4,2,True,False,False
2026-04-18 22:58:31.190000+00:00,True,39.0,2175.976892,99,6,True,False,False
2026-04-18 22:42:09.521000+00:00,True,27.0,2176.249578,20,3,True,False,False
2026-04-18 02:47:38.509000+00:00,True,23.0,2196.158192,1,0,True,False,False
2026-04-17 20:56:26.443000+00:00,True,20.0,2202.011544,33,15,True,False,False
2026-04-17 03:32:41.025000+00:00,True,40.0,2219.407493,27,10,True,False,False
2026-04-17 02:57:00.382000+00:00,True,77.0,2220.002116,16,1,False,True,False
2026-04-17 02:06:18.143000+00:00,True,26.0,2220.847183,5,2,True,False,False
2026-04-17 01:46:27.021000+00:00,True,29.0,2221.17805,17,2,False,False,False
2026-04-17 00:25:42.100000+00:00,True,30.0,2222.523861,26,4,True,False,False
2026-04-17 00:15:45.382000+00:00,True,47.0,2222.689616,18,2,False,False,False
2026-04-14 05:43:37.443000+00:00,True,52.0,2289.225155,4,1,False,False,False
2026-04-14 01:21:48.986000+00:00,True,25.0,2293.588615,12,6,True,False,False
2026-04-14 01:00:44.352000+00:00,True,19.0,2293.939902,28,13,True,False,False
2026-04-14 00:50:39.763000+00:00,True,27.0,2294.107844,40,19,True,False,False
2026-04-12 15:32:22.489000+00:00,True,34.0,2327.412642,20,10,True,False,False
2026-04-11 15:53:51.858000+00:00,True,49.0,2351.054484,15,4,True,False,False
2026-04-11 02:29:20.084000+00:00,True,52.0,2364.46331,97,5,False,False,False
2026-04-10 19:24:58.579000+00:00,True,59.0,2371.53595,0,0,True,False,False
2026-04-10 02:58:35.520000+00:00,True,103.0,2387.975689,144,7,True,False,False
2026-04-10 02:45:43.594000+00:00,True,52.0,2388.190113,172,7,False,False,False
2026-04-10 00:03:12.076000+00:00,True,93.0,2390.898868,125,9,False,False,False
2026-04-09 19:18:17.637000+00:00,True,22.0,2395.647323,1,0,True,False,False
2026-04-09 13:51:17.653000+00:00,True,28.0,2401.097319,42,20,True,False,False
2026-04-08 19:08:30.901000+00:00,True,42.0,2419.810305,99,8,False,True,False
2026-04-08 16:54:06.591000+00:00,True,30.0,2422.050391,0,0,True,False,False
2026-04-08 14:26:27.234000+00:00,True,31.0,2424.511324,28,13,True,False,False
2026-04-08 04:01:05.879000+00:00,True,32.0,2434.933922,0,0,True,False,False
2026-04-08 00:05:43.996000+00:00,True,48.0,2438.856668,2,1,False,True,False
2026-04-07 13:35:21.516000+00:00,True,37.0,2449.362912,2,1,True,False,False
2026-04-07 02:54:41.629000+00:00,True,33.0,2460.040659,32,15,True,False,False
2026-04-06 02:48:06.149000+00:00,True,33.0,2484.150514,24,12,True,False,False
2026-04-06 02:12:05.319000+00:00,True,45.0,2484.750745,190,5,False,True,False
2026-04-05 23:51:11.652000+00:00,True,38.0,2487.098986,13,6,True,False,False
2026-04-05 22:05:42.565000+00:00,True,19.0,2488.857065,0,0,True,False,False
2026-04-05 13:37:41.318000+00:00,True,32.0,2497.324078,1,0,True,False,False
2026-04-05 00:45:34.474000+00:00,True,30.0,2510.192646,32,15,True,False,False
2026-04-05 00:39:09.816000+00:00,True,65.0,2510.299496,134,12,False,False,False
2026-04-04 01:17:37.016000+00:00,True,25.0,2533.658607,11,5,True,False,False
2026-04-03 23:00:40.684000+00:00,True,21.0,2535.940921,32,15,True,False,False
2026-04-03 20:43:56.025000+00:00,True,44.0,2538.219993,230,5,False,False,False
2026-04-03 18:52:19.100000+00:00,True,52.0,2540.08025,126,5,False,False,False
2026-04-03 15:41:46.287000+00:00,True,31.0,2543.256031,128,5,False,False,False
2026-04-03 00:36:41.790000+00:00,True,60.0,2558.340614,117,5,False,False,False
2026-04-02 21:36:51.696000+00:00,True,38.0,2561.337862,99,5,False,False,False
2026-04-01 20:49:12.906000+00:00,True,115.0,2586.131971,102,6,False,False,False
2026-04-01 15:11:39.343000+00:00,True,37.0,2591.75796,30,5,False,False,False
2026-03-31 21:58:06.935000+00:00,True,62.0,2608.983629,52,10,False,False,False
2026-03-31 18:52:20.367000+00:00,True,52.0,2612.079898,22,2,False,False,False
2026-03-31 17:45:58.335000+00:00,True,43.0,2613.186018,13,6,True,False,False
2026-03-31 16:32:16.318000+00:00,True,55.0,2614.414356,152,10,False,False,False
2026-03-31 15:03:04.670000+00:00,True,28.0,2615.900925,22,10,True,False,False
2026-03-29 22:55:11.397000+00:00,True,64.0,2656.03239,203,10,False,False,False
2026-03-29 20:51:09.617000+00:00,True,49.0,2658.099551,116,3,False,False,False
2026-03-29 16:03:11.629000+00:00,True,34.0,2662.898992,45,5,False,True,False
2026-03-28 23:52:10.733000+00:00,True,90.0,2679.082574,52,6,False,True,False
2026-03-28 21:42:03.521000+00:00,True,29.0,2681.251244,22,11,True,False,False
2026-03-28 21:09:14.453000+00:00,True,29.0,2681.798207,0,0,True,False,False
2026-03-28 19:58:37.824000+00:00,True,26.0,2682.975049,50,24,True,False,False
2026-03-28 19:55:43.322000+00:00,True,23.0,2683.023522,48,23,True,False,False
2026-03-28 15:41:41.043000+00:00,True,62.0,2687.257488,37,5,True,False,False
2026-03-28 02:53:54.013000+00:00,True,31.0,2700.053885,43,20,False,False,False
2026-03-27 22:46:00.333000+00:00,True,44.0,2704.185463,132,8,False,False,False
2026-03-25 17:16:33.538000+00:00,True,61.0,2757.676239,32,15,False,True,False
2026-03-25 00:35:57.082000+00:00,True,43.0,2774.353033,17,4,False,False,False
2026-03-24 18:22:55.595000+00:00,True,38.0,2780.570112,13,2,False,False,False
2026-03-24 18:16:22.499000+00:00,True,33.0,2780.679306,0,0,True,False,False
2026-03-24 18:13:11.165000+00:00,True,31.0,2780.732454,1,0,True,False,False
2026-03-23 21:32:56.503000+00:00,True,28.0,2801.403194,0,0,True,False,False
2026-03-23 21:03:29.659000+00:00,True,63.0,2801.893984,68,9,True,False,False
2026-03-23 21:01:04.982000+00:00,False,,2801.934172,78,1,True,False,False
2026-03-22 01:42:50.603000+00:00,True,38.0,2845.238166,87,10,False,True,False
2026-03-21 22:52:48.077000+00:00,True,29.0,2848.072201,17,5,False,False,False
2026-03-20 15:01:40.864000+00:00,True,20.0,2879.924204,14,4,True,False,False
2026-03-19 22:03:09.616000+00:00,True,25.0,2896.899551,34,16,True,False,False
2026-03-19 21:39:42.393000+00:00,True,32.0,2897.290446,68,15,False,False,False
2026-03-19 05:38:22.965000+00:00,True,38.0,2913.31251,113,8,False,False,False
2026-03-19 05:03:40.904000+00:00,True,47.0,2913.89086,92,10,False,False,False
2026-03-16 22:37:53.209000+00:00,True,231.0,2968.320775,38,5,False,False,False
2026-03-16 20:43:00.666000+00:00,True,28.0,2970.235371,91,15,False,True,False
2026-03-16 19:33:37.056000+00:00,True,23.0,2971.391929,42,20,True,False,False
2026-03-10 20:09:10.564000+00:00,True,45.0,3114.799288,16,2,False,False,False
2026-03-10 20:02:13.406000+00:00,True,30.0,3114.915165,24,2,False,False,False
2026-03-10 19:55:27.761000+00:00,True,198.0,3115.027844,14,1,False,False,False
2026-03-10 18:09:29.846000+00:00,True,16.0,3116.793932,16,2,False,False,False
2026-03-10 18:06:17.638000+00:00,True,31.0,3116.847323,19,2,False,False,False
2026-03-10 18:04:19.357000+00:00,True,23.0,3116.880179,21,2,False,False,False
2026-03-09 03:00:17.386000+00:00,True,53.0,3155.947393,26,12,True,False,False
2026-03-08 22:18:17.792000+00:00,True,786.0,3160.64728,37,7,True,False,False
2026-03-08 21:05:06.983000+00:00,True,48.0,3161.866949,197,10,False,False,False
2026-03-08 18:00:19.748000+00:00,True,28.0,3164.946737,23,3,False,False,False
2026-03-08 17:59:11.139000+00:00,True,19.0,3164.965795,20,3,False,False,False
2026-03-08 17:57:21.276000+00:00,True,18.0,3164.996312,28,3,False,False,False
2026-03-08 17:56:19.292000+00:00,True,25.0,3165.01353,25,3,False,False,False
2026-03-08 02:54:28.657000+00:00,True,208.0,3180.044262,112,7,False,False,False
2026-03-08 02:51:15.215000+00:00,True,123.0,3180.097996,119,7,False,False,False
2026-03-07 20:10:08.611000+00:00,True,38.0,3186.783164,4,1,True,False,False
2026-03-07 18:47:39.596000+00:00,True,32.0,3188.15789,135,9,True,False,False
2026-03-07 16:56:23.728000+00:00,True,37.0,3190.012298,147,10,False,False,False
2026-03-07 16:12:21.565000+00:00,True,21.0,3190.746232,52,10,False,False,False
2026-03-07 02:04:16.102000+00:00,True,32.0,3204.881083,31,15,True,False,False
2026-03-06 04:28:14.834000+00:00,True,35.0,3226.481435,38,18,True,False,False
2026-03-06 01:56:03.099000+00:00,True,53.0,3229.018028,14,3,False,False,False
2026-03-05 22:01:00.076000+00:00,True,142.0,3232.935534,131,16,False,False,False
2026-03-05 20:38:01.386000+00:00,True,36.0,3234.318504,142,10,False,False,False
2026-03-05 09:26:31.042000+00:00,True,821.0,3245.510266,60,10,False,True,False
2026-03-04 19:59:13.605000+00:00,True,40.0,3258.96511,55,22,True,False,False
2026-03-03 21:42:35.660000+00:00,True,51.0,3281.242317,10,2,False,False,False
2026-03-03 21:39:40.900000+00:00,True,27.0,3281.290861,14,3,False,False,False
2026-03-03 00:04:01.716000+00:00,True,41.0,3302.885079,26,6,False,False,False
2026-03-02 23:04:58.098000+00:00,True,50.0,3303.869417,42,8,False,False,False
2026-03-01 02:55:40.241000+00:00,True,143.0,3348.024377,47,9,False,False,False
2026-03-01 02:40:44.717000+00:00,True,24.0,3348.273134,9,1,False,False,False
2026-02-28 23:48:19.426000+00:00,True,21.0,3351.146826,2,1,True,False,False
2026-02-28 02:59:48.410000+00:00,True,68.0,3371.955442,170,10,False,False,False
2026-02-26 21:30:31.009000+00:00,True,59.0,3401.443609,457,7,True,False,False
2026-02-26 20:59:11.011000+00:00,True,38.0,3401.96583,15,3,False,False,False
2026-02-26 17:55:30.405000+00:00,True,26.0,3405.02711,34,6,False,False,False
2026-02-26 14:41:12.212000+00:00,True,60.0,3408.265497,57,28,True,False,False
2026-02-26 04:11:55.461000+00:00,True,455.0,3418.753483,98,13,False,False,False
2026-02-26 03:36:49.497000+00:00,True,67.0,3419.338473,148,29,False,False,False
2026-02-25 20:26:21.624000+00:00,True,62.0,3426.512882,78,8,True,False,False
2026-02-25 06:22:53.865000+00:00,True,32.0,3440.570593,20,1,False,False,False
2026-02-25 06:12:35.229000+00:00,True,31.0,3440.742436,50,24,True,False,False
2026-02-25 02:31:11.035000+00:00,True,65.0,3444.43249,133,15,True,False,False
2026-02-25 02:02:38.078000+00:00,True,42.0,3444.908312,42,20,True,False,False
2026-02-23 18:53:28.591000+00:00,True,42.0,3476.060947,41,20,True,False,False
2026-02-22 03:06:15.883000+00:00,True,39.0,3515.84781,41,20,True,False,False
2026-02-22 02:47:45.885000+00:00,True,31.0,3516.156143,50,24,True,False,False
2026-02-22 02:46:03.947000+00:00,True,13.0,3516.184459,51,25,True,False,False
2026-02-21 23:01:07.513000+00:00,True,20.0,3519.933469,0,0,True,False,False
2026-02-21 22:59:46.722000+00:00,True,29.0,3519.955911,199,14,True,False,False
2026-02-21 17:01:56.540000+00:00,True,43.0,3525.91985,173,20,True,False,False
2026-02-21 16:46:41.337000+00:00,True,37.0,3526.174073,107,15,True,False,False
2026-02-21 16:43:58.953000+00:00,True,24.0,3526.21918,126,18,False,True,False
2026-02-21 16:15:46.397000+00:00,True,15.0,3526.689334,138,6,True,False,False
2026-02-20 16:43:01.100000+00:00,True,27.0,3550.23525,54,26,True,False,False
2026-02-20 06:01:48.830000+00:00,True,323.0,3560.921992,76,10,False,False,False
2026-02-19 01:43:48.745000+00:00,True,45.0,3589.222015,89,14,True,False,False
2026-02-18 16:42:43.870000+00:00,True,100.0,3598.240036,38,8,False,True,False
2026-02-18 03:23:10.166000+00:00,True,83.0,3611.566065,1,0,True,False,False
2026-02-18 03:11:49.064000+00:00,True,11.0,3611.75526,139,16,False,False,False
2026-02-18 02:27:48.074000+00:00,True,97.0,3612.488868,200,29,False,False,False
2026-02-17 18:31:28.435000+00:00,True,44.0,3620.427657,60,9,True,False,False
2026-02-17 00:08:30.340000+00:00,True,52.0,3638.810461,1,0,False,False,False
2026-02-16 23:43:12.062000+00:00,True,49.0,3639.232205,1,0,True,False,False
2026-02-16 01:56:55.277000+00:00,True,46.0,3661.003534,66,10,False,True,False
2026-02-16 01:45:26.700000+00:00,True,61.0,3661.194806,172,15,False,False,False
2026-02-15 23:01:08.040000+00:00,True,1663.0,3663.933322,156,12,False,False,False
2026-02-15 21:18:08.191000+00:00,True,55.0,3665.649947,147,6,False,True,False
2026-02-15 02:25:06.829000+00:00,True,34.0,3684.533659,104,7,True,False,False
2026-02-15 02:14:57.321000+00:00,True,18.0,3684.702966,2,1,True,False,False
2026-02-13 22:53:36.856000+00:00,False,,3712.058651,28,0,False,True,False
2026-02-13 04:46:58.295000+00:00,True,68.0,3730.169362,12,5,True,False,False
2026-02-13 04:35:30.277000+00:00,True,97.0,3730.360479,115,10,True,False,False
2026-02-13 02:05:14.078000+00:00,True,35.0,3732.864978,118,6,True,False,False
2026-02-13 01:52:11.857000+00:00,True,21.0,3733.082262,17,3,True,False,False
2026-02-12 16:46:36.197000+00:00,True,52.0,3742.175501,44,19,True,False,False
2026-02-12 04:33:43.630000+00:00,True,29.0,3754.390103,2,1,True,False,False
2026-02-12 01:16:31.850000+00:00,True,24.0,3757.676708,26,12,True,False,False
2026-02-11 17:07:18.878000+00:00,True,30.0,3765.830312,38,10,False,False,False
2026-02-11 14:29:16.256000+00:00,False,,3768.464373,0,0,True,False,False
2026-02-11 14:28:40.743000+00:00,True,28.0,3768.474238,1,0,True,False,False
2026-02-11 06:31:10.443000+00:00,True,33.0,3776.432655,31,10,False,True,False
2026-02-11 05:47:48.797000+00:00,True,183.0,3777.155334,64,6,False,False,False
2026-02-11 03:51:25.640000+00:00,True,50.0,3779.0951,81,9,False,True,False
2026-02-11 01:40:47.523000+00:00,True,62.0,3781.272355,324,9,True,False,False
2026-02-10 04:55:28.536000+00:00,True,111.0,3802.027629,99,16,False,False,False
2026-02-09 02:20:43.377000+00:00,True,32.0,3828.60684,14,2,False,False,False
2026-02-09 02:11:42.860000+00:00,True,28.0,3828.756983,10,1,False,False,False
2026-02-09 00:26:16.210000+00:00,True,30.0,3830.514386,1,0,False,False,False
2026-02-09 00:21:34.950000+00:00,True,18.0,3830.592514,13,2,False,False,False
2026-02-09 00:18:27.545000+00:00,True,17.0,3830.644571,11,2,False,False,False
2026-02-09 00:12:53.409000+00:00,True,23.0,3830.737386,11,2,False,False,False
2026-02-09 00:09:53.988000+00:00,True,25.0,3830.787226,11,2,False,False,False
2026-02-09 00:02:52.076000+00:00,True,20.0,3830.904423,13,3,False,False,False
2026-02-09 00:00:20.355000+00:00,True,31.0,3830.946568,20,3,False,False,False
2026-02-08 23:56:35.845000+00:00,True,14.0,3831.008932,19,3,False,False,False
2026-02-08 23:49:48.776000+00:00,True,14.0,3831.122007,20,3,False,False,False
2026-02-08 23:45:22.307000+00:00,True,13.0,3831.196026,20,4,False,False,False
2026-02-08 04:37:50.193000+00:00,True,30.0,3850.321613,109,16,False,False,False
2026-02-07 17:53:45.179000+00:00,True,38.0,3861.056339,171,27,False,False,False
2026-02-07 16:06:22.290000+00:00,True,64.0,3862.846031,109,8,False,True,False
2026-02-07 15:47:14.763000+00:00,True,61.0,3863.164788,1,0,True,False,False
2026-02-06 05:14:51.449000+00:00,True,41.0,3897.704598,133,10,True,False,False
2026-02-05 18:09:29.706000+00:00,True,54.0,3908.793971,32,15,True,False,False
2026-02-05 06:39:50.252000+00:00,True,57.0,3920.288263,42,20,True,False,False
2026-02-05 02:37:50.914000+00:00,True,44.0,3924.321413,48,10,True,False,False
2026-02-05 00:57:53.838000+00:00,True,88.0,3925.987267,117,14,True,False,False
2026-02-05 00:12:34.055000+00:00,True,61.0,3926.742763,112,16,True,False,False
2026-02-04 03:01:14.071000+00:00,True,129.0,3947.931647,142,11,True,False,False
2026-02-03 23:59:26.322000+00:00,True,41.0,3950.961577,31,14,True,False,False
2026-02-03 18:19:16.844000+00:00,True,47.0,3956.630877,209,9,True,False,False
2026-02-03 16:19:50.917000+00:00,True,43.0,3958.621412,30,14,True,False,False
2026-02-03 14:57:10.589000+00:00,True,51.0,3959.999281,83,5,False,False,False
2026-02-03 04:12:48.866000+00:00,True,149.0,3970.738648,123,23,True,False,False
2026-02-03 00:20:28.839000+00:00,True,44.0,3974.610878,58,5,False,False,False
2026-02-02 05:46:42.075000+00:00,True,92.0,3993.173868,222,4,True,False,False
2026-02-02 02:27:34.917000+00:00,True,37.0,3996.492523,67,7,True,False,False
2026-02-01 20:07:56.068000+00:00,True,31.0,4002.819981,78,7,True,False,False
2026-02-01 18:53:14.828000+00:00,True,35.0,4004.06477,93,45,False,True,False
2026-01-31 20:22:35.171000+00:00,True,28.0,4026.575786,1,0,True,False,False
2026-01-31 20:13:26.664000+00:00,True,23.0,4026.728149,51,25,True,False,False
2026-01-31 19:57:39.575000+00:00,True,11.0,4026.991229,0,0,True,False,False
2026-01-31 18:50:30.303000+00:00,True,28.0,4028.110471,70,12,True,False,False
2026-01-31 18:31:23.534000+00:00,True,15.0,4028.429018,31,15,True,False,False
2026-01-31 16:39:51.177000+00:00,True,32.0,4030.288006,73,10,True,False,False
2026-01-31 16:31:30.327000+00:00,True,31.0,4030.427131,81,11,True,False,False
2026-01-31 16:17:15.092000+00:00,True,18.0,4030.664697,52,25,True,False,False
2026-01-31 16:03:27.007000+00:00,True,10.0,4030.89472,7,3,True,False,False
2026-01-31 15:47:18.925000+00:00,True,36.0,4031.163632,97,10,True,False,False
2026-01-31 03:30:23.511000+00:00,True,42.0,4043.445691,6,3,True,False,False
2026-01-31 02:41:12.313000+00:00,True,21.0,4044.265469,1,0,True,False,False
2026-01-30 22:20:59.609000+00:00,True,44.0,4048.602331,77,11,True,False,False
2026-01-30 21:18:54.107000+00:00,True,24.0,4049.637192,104,13,True,False,False
2026-01-30 21:12:53.292000+00:00,True,17.0,4049.737419,117,11,True,False,False
2026-01-30 20:24:44.382000+00:00,True,15.0,4050.539894,0,0,True,False,False
2026-01-30 20:15:25.908000+00:00,True,32.0,4050.695026,165,12,False,True,False
2026-01-30 17:58:25.966000+00:00,True,50.0,4052.978343,161,9,False,True,False
2026-01-30 02:28:35.401000+00:00,True,60.0,4068.475722,0,0,False,False,False
2026-01-29 22:56:05.403000+00:00,True,37.0,4072.017388,74,36,True,False,False
2026-01-29 04:07:06.432000+00:00,True,59.0,4090.833769,2,1,True,False,False
2026-01-28 06:53:02.987000+00:00,True,64.0,4112.068059,75,7,True,False,False
2026-01-28 06:47:50.180000+00:00,True,31.0,4112.15495,32,4,True,False,False
2026-01-28 06:30:58.663000+00:00,True,51.0,4112.435927,112,10,False,False,False
2026-01-28 06:09:10.192000+00:00,True,53.0,4112.799391,124,11,False,False,False
2026-01-28 05:06:39.530000+00:00,True,23.0,4113.841242,0,0,True,False,False
2026-01-28 04:05:14.420000+00:00,True,19.0,4114.864883,41,20,True,False,False
2026-01-28 03:50:10.655000+00:00,False,,4115.115929,222,0,False,False,False
2026-01-28 01:54:26.410000+00:00,True,54.0,4117.044886,46,7,False,True,False
2026-01-28 01:50:10.830000+00:00,True,26.0,4117.115881,1,0,False,False,False
2026-01-28 01:44:13.049000+00:00,True,22.0,4117.215264,13,6,True,False,False
2026-01-28 01:39:00.876000+00:00,True,19.0,4117.301979,92,12,True,False,False
2026-01-28 01:34:41.578000+00:00,True,41.0,4117.374006,106,11,True,False,False
2026-01-28 01:08:50.148000+00:00,True,49.0,4117.804959,132,15,True,False,False
2026-01-27 23:05:34.146000+00:00,True,122.0,4119.859404,55,10,True,False,False
2026-01-27 15:44:11.035000+00:00,True,21.0,4127.215824,2,1,True,False,False
2026-01-27 02:12:30.602000+00:00,True,79.0,4140.743722,24,5,True,False,False
2026-01-27 02:10:39.849000+00:00,True,16.0,4140.774486,10,5,True,False,False
2026-01-27 02:00:48.879000+00:00,True,114.0,4140.938645,55,27,False,True,False
2026-01-27 01:46:37.010000+00:00,True,15.0,4141.175275,0,0,True,False,False
2026-01-27 01:44:32.677000+00:00,True,19.0,4141.209812,55,19,True,False,False
2026-01-27 01:07:11.417000+00:00,True,18.0,4141.832384,1,0,True,False,False
2026-01-26 21:52:57.152000+00:00,True,134.0,4145.06968,48,8,False,True,False
2026-01-26 18:41:32.943000+00:00,True,25.0,4148.259738,74,9,True,False,False
2026-01-26 18:34:48.318000+00:00,True,34.0,4148.372134,77,10,True,False,False
2026-01-26 03:03:09.131000+00:00,True,90.0,4163.899686,93,17,True,False,False
2026-01-26 01:33:40.340000+00:00,True,64.0,4165.391017,38,18,True,False,False
2026-01-26 01:26:12.648000+00:00,True,30.0,4165.515376,37,18,True,False,False
2026-01-26 01:11:53.711000+00:00,True,32.0,4165.753969,52,20,True,False,False
2026-01-26 01:07:13.954000+00:00,True,34.0,4165.831679,64,18,False,True,False
2026-01-26 00:54:40.486000+00:00,True,25.0,4166.040976,40,19,False,True,False
2026-01-25 23:29:16.106000+00:00,True,86.0,4167.464415,41,20,False,True,False
2026-01-25 21:07:54.947000+00:00,True,155.0,4169.820292,53,9,False,True,False
2026-01-25 17:01:30.464000+00:00,True,29.0,4173.927093,25,12,True,False,False
2026-01-25 16:45:11.279000+00:00,True,25.0,4174.199089,20,10,True,False,False
2026-01-25 15:21:51.800000+00:00,True,77.0,4175.587833,96,23,True,False,False
2026-01-25 15:12:13.799000+00:00,True,58.0,4175.748389,93,17,True,False,False
2026-01-25 14:57:08.170000+00:00,True,80.0,4175.999953,146,5,False,True,False
2026-01-25 00:11:59.271000+00:00,True,228.0,4190.752425,78,11,True,False,False
2026-01-24 21:32:08.379000+00:00,True,111.0,4193.416561,43,6,False,True,False
2026-01-24 21:28:14.398000+00:00,True,47.0,4193.481556,21,6,False,True,False
2026-01-24 21:11:52.415000+00:00,True,724.0,4193.754329,52,6,True,False,False
2026-01-24 20:33:11.944000+00:00,True,37.0,4194.398904,12,6,True,False,False
2026-01-24 20:14:00.595000+00:00,True,3220.0,4194.718724,74,6,True,False,False
2026-01-24 19:59:43.002000+00:00,True,11394.0,4194.956944,50,6,True,False,False
2026-01-24 19:40:31.401000+00:00,True,42.0,4195.276833,18,6,False,True,False
2026-01-24 17:31:09.588000+00:00,True,144.0,4197.432892,100,23,True,False,False
2026-01-24 16:20:14.304000+00:00,True,174.0,4198.614916,68,6,False,True,False
2026-01-24 15:50:48.423000+00:00,True,26.0,4199.105438,13,6,False,True,False
2026-01-24 14:03:17.544000+00:00,True,20.0,4200.897349,27,13,True,False,False
2026-01-24 02:59:51.808000+00:00,True,22.0,4211.954498,2,1,True,False,False
2026-01-24 02:55:08.176000+00:00,True,32.0,4212.033284,47,23,False,True,False
2026-01-24 02:28:30.108000+00:00,True,28.0,4212.477192,65,32,False,True,False
2026-01-24 00:33:34.031000+00:00,True,50.0,4214.392769,38,18,False,False,False
2026-01-23 23:41:07.350000+00:00,True,38.0,4215.266847,37,6,False,False,False
2026-01-23 22:10:40.450000+00:00,True,89.0,4216.774319,172,8,True,False,False
2026-01-23 22:06:19.590000+00:00,True,75.0,4216.846781,72,8,True,False,False
2026-01-23 21:09:43.083000+00:00,True,25.0,4217.790255,32,15,True,False,False
2026-01-23 20:51:41.808000+00:00,True,19.0,4218.090609,30,14,True,False,False
2026-01-23 18:14:34.859000+00:00,True,32.0,4220.709206,26,12,True,False,False
2026-01-23 18:11:09.805000+00:00,True,21.0,4220.766165,32,15,True,False,False
2026-01-23 15:55:11.038000+00:00,True,30.0,4223.032489,32,15,True,False,False
2026-01-22 23:30:22.654000+00:00,True,112.0,4239.445929,51,25,True,False,False
2026-01-22 23:20:36.065000+00:00,True,76.0,4239.608871,139,5,False,False,False
2026-01-22 22:02:03.783000+00:00,True,61.0,4240.917838,0,0,True,False,False
2026-01-22 22:00:34.097000+00:00,True,46.0,4240.942751,26,12,True,False,False
2026-01-22 21:35:28.624000+00:00,True,38.0,4241.360938,3,1,True,False,False
2026-01-22 05:30:42.423000+00:00,True,63.0,4257.440438,61,30,False,True,False
2026-01-22 05:25:09.201000+00:00,True,39.0,4257.533,45,9,True,False,False
2026-01-22 05:01:51.345000+00:00,True,38.0,4257.921293,92,13,False,False,False
2026-01-22 04:34:01.296000+00:00,True,32.0,4258.385196,28,13,True,False,False
2026-01-22 03:08:11.124000+00:00,True,96.0,4259.815799,74,7,False,False,False
2026-01-22 03:06:32.514000+00:00,True,44.0,4259.843191,52,8,False,False,False
2026-01-22 03:02:28.813000+00:00,True,257.0,4259.910885,71,9,False,False,False
2026-01-22 00:39:32.965000+00:00,True,44.0,4262.293065,10,1,False,False,False
2026-01-21 23:39:59.365000+00:00,True,49.0,4263.285732,27,4,False,False,False
2026-01-21 23:32:06.904000+00:00,True,70.0,4263.416971,42,20,True,False,False
2026-01-21 22:46:39.050000+00:00,True,50.0,4264.174708,72,21,True,False,False
2026-01-21 22:32:59.527000+00:00,True,29.0,4264.402354,98,48,True,False,False
2026-01-21 19:38:58.242000+00:00,True,28.0,4267.302711,41,20,True,False,False
2026-01-21 19:14:45.882000+00:00,True,51.0,4267.706144,89,44,True,False,False
2026-01-21 18:34:19.538000+00:00,True,53.0,4268.380128,117,15,True,False,False
2026-01-21 18:24:55.701000+00:00,True,87.0,4268.53675,119,29,False,True,False
2026-01-21 17:38:14.564000+00:00,True,78.0,4269.314843,76,9,False,True,False
2026-01-20 22:36:33.929000+00:00,True,131.0,4288.342798,0,0,True,False,False
2026-01-20 22:01:35.465000+00:00,True,34.0,4288.925704,1,0,True,False,False
2026-01-20 21:53:30.344000+00:00,True,40.0,4289.06046,51,25,True,False,False
2026-01-20 21:28:40.996000+00:00,True,72.0,4289.474168,24,12,True,False,False
2026-01-20 19:01:10.601000+00:00,True,31.0,4291.932611,35,26,True,False,False
2026-01-20 18:05:17.895000+00:00,True,32.0,4292.863918,63,12,False,True,False
2026-01-20 03:37:54.068000+00:00,True,208.0,4307.320537,157,27,True,False,False
2026-01-19 17:42:07.997000+00:00,True,101.0,4317.250001,59,10,True,False,False
2026-01-19 17:34:03.946000+00:00,True,101.0,4317.384459,71,10,True,False,False
2026-01-19 16:55:03.315000+00:00,True,67.0,4318.034635,214,10,True,False,False
2026-01-19 05:38:05.088000+00:00,True,51.0,4329.317476,42,20,True,False,False
2026-01-19 02:45:33.402000+00:00,True,75.0,4332.192944,30,6,False,False,False
2026-01-19 00:34:43.631000+00:00,True,65.0,4334.373436,82,8,False,False,False
2026-01-19 00:22:16.380000+00:00,True,54.0,4334.581006,68,16,False,True,False
2026-01-18 23:43:22.739000+00:00,True,39.0,4335.229239,42,20,True,False,False
2026-01-18 21:56:34.873000+00:00,True,65.0,4337.009202,182,8,False,True,False
2026-01-18 18:53:18.619000+00:00,True,94.0,4340.063717,107,10,False,False,False
2026-01-18 18:37:13.999000+00:00,True,90.0,4340.331667,119,11,False,True,False
2026-01-18 15:03:20.311000+00:00,True,63.0,4343.89658,148,16,False,True,False
2026-01-18 14:07:05.140000+00:00,True,273.0,4344.834128,68,21,False,True,False
2026-01-18 04:19:14.987000+00:00,True,51.0,4354.631393,89,16,False,False,False
2026-01-18 03:15:21.492000+00:00,True,64.0,4355.696252,90,29,True,False,False
2026-01-18 03:12:17.110000+00:00,True,41.0,4355.747469,68,18,True,False,False
2026-01-18 03:06:53.943000+00:00,True,39.0,4355.837238,41,7,True,False,False
2026-01-18 02:55:16.351000+00:00,True,25.0,4356.031014,41,20,True,False,False
2026-01-18 02:50:25.423000+00:00,True,29.0,4356.111827,44,21,True,False,False
2026-01-18 02:19:33.919000+00:00,True,164.0,4356.626134,146,41,True,False,False
2026-01-17 21:07:44.858000+00:00,True,50.0,4361.823095,27,5,False,False,False
2026-01-17 20:33:11.641000+00:00,True,38.0,4362.398989,88,11,False,True,False
2026-01-17 20:29:34.332000+00:00,True,37.0,4362.459352,98,11,False,True,False
2026-01-17 18:02:02.937000+00:00,True,57.0,4364.918073,58,28,True,False,False
2026-01-17 17:58:44.514000+00:00,True,35.0,4364.973191,43,20,True,False,False
2026-01-17 11:05:22.090000+00:00,True,44.0,4371.862753,1,0,True,False,False
2026-01-16 22:31:55.840000+00:00,True,37.0,4384.420044,18,1,False,False,False
2026-01-16 22:24:16.846000+00:00,True,31.0,4384.547543,41,20,True,False,False
2026-01-16 00:51:09.951000+00:00,True,44.0,4406.099458,6,1,True,False,False
2026-01-16 00:17:45.094000+00:00,True,32.0,4406.656363,0,0,True,False,False
2026-01-16 00:09:03.690000+00:00,True,17.0,4406.801197,0,0,True,False,False
2026-01-15 23:56:27.370000+00:00,True,24.0,4407.011286,1,0,True,False,False
2026-01-15 23:45:31.548000+00:00,True,24.0,4407.193459,4,2,True,False,False
2026-01-15 23:33:00.122000+00:00,True,25.0,4407.402188,4,2,True,False,False
2026-01-15 23:31:36.271000+00:00,True,28.0,4407.42548,2,1,True,False,False
2026-01-15 22:58:22.997000+00:00,True,30.0,4407.979168,49,24,True,False,False
2026-01-15 22:38:45.858000+00:00,True,36.0,4408.306151,1,0,True,False,False
2026-01-14 22:32:44.536000+00:00,True,73.0,4432.406518,110,9,True,False,False
2026-01-14 21:54:08.451000+00:00,True,64.0,4433.049875,21,1,True,False,False
2026-01-14 19:48:37.593000+00:00,True,41.0,4435.14178,25,8,False,False,False
2026-01-14 02:30:19.472000+00:00,True,50.0,4452.446813,32,15,False,True,False
2026-01-13 23:49:45.994000+00:00,True,27.0,4455.122779,17,8,True,False,False
2026-01-13 23:16:57.095000+00:00,True,51.0,4455.669696,77,8,False,True,False
2026-01-12 17:35:00.262000+00:00,True,53.0,4485.368816,89,5,False,False,False
2026-01-12 16:11:30.534000+00:00,True,36.0,4486.760407,38,6,False,True,False
2026-01-12 01:10:38.842000+00:00,True,332.0,4501.774766,88,8,False,True,False
2026-01-11 22:55:06.953000+00:00,True,32.0,4504.033624,24,11,True,False,False
2026-01-11 21:00:08.291000+00:00,True,60.0,4505.949919,39,9,False,False,False
2026-01-11 20:31:01.044000+00:00,True,30.0,4506.435266,41,20,True,False,False
2026-01-11 04:05:34.226000+00:00,True,46.0,4522.859382,21,8,False,True,False
2026-01-10 22:17:14.284000+00:00,True,58.0,4528.664921,31,15,True,False,False
2026-01-10 22:15:24.585000+00:00,True,120.0,4528.695393,60,13,True,False,False
2026-01-10 21:19:16.979000+00:00,True,30.0,4529.630839,1,0,True,False,False
2026-01-10 20:30:34.574000+00:00,True,82.0,4530.442618,1,0,True,False,False
2026-01-10 01:29:35.673000+00:00,True,46.0,4549.45898,1,0,True,False,False
2026-01-09 23:40:29.131000+00:00,True,38.0,4551.277464,3,1,True,False,False
2026-01-09 22:33:26.761000+00:00,True,35.0,4552.394789,11,2,True,False,False
2026-01-09 18:01:36.499000+00:00,True,81.0,4556.925417,135,10,False,True,False
2026-01-09 16:34:54.596000+00:00,True,30.0,4558.37039,28,1,False,False,False
2026-01-09 02:29:43.352000+00:00,True,60.0,4572.456847,35,7,False,True,False
2026-01-08 21:30:39.715000+00:00,True,69.0,4577.44119,416,25,True,False,False
2026-01-08 20:43:44.016000+00:00,True,59.0,4578.223329,112,30,True,False,False
2026-01-08 18:47:30.638000+00:00,True,41.0,4580.160378,48,20,False,False,False
2026-01-07 22:32:55.813000+00:00,True,70.0,4600.403385,39,12,False,True,False
2026-01-07 22:13:06.888000+00:00,True,200.0,4600.733642,39,12,False,True,False
2026-01-07 21:45:59.354000+00:00,True,65.0,4601.185735,57,14,True,False,False
2026-01-07 20:25:38.848000+00:00,True,65.0,4602.524764,44,14,False,True,False
2026-01-07 19:04:12.987000+00:00,True,480.0,4603.881948,101,11,False,True,False
2026-01-07 05:00:04.217000+00:00,True,53.0,4617.951051,13,1,False,False,False
2026-01-07 01:40:50.562000+00:00,True,35.0,4621.271511,47,10,False,False,False
2026-01-07 00:50:58.702000+00:00,True,34.0,4622.102583,39,7,False,False,False
2026-01-06 23:27:14.944000+00:00,True,87.0,4623.498071,33,7,False,False,False
2026-01-06 19:16:20.606000+00:00,True,41.0,4627.679832,22,10,True,False,False
2026-01-06 17:05:56.196000+00:00,True,37.0,4629.853279,12,6,True,False,False
2026-01-06 01:23:48.181000+00:00,True,34.0,4645.555505,11,5,True,False,False
2026-01-06 01:17:14.621000+00:00,True,30.0,4645.664827,9,4,True,False,False
2026-01-04 23:05:37.013000+00:00,True,62.0,4671.858608,23,3,False,False,False
2026-01-04 20:37:20.511000+00:00,True,55.0,4674.329858,29,7,False,False,False
2026-01-04 20:31:13.988000+00:00,True,39.0,4674.43167,65,31,True,False,False
2026-01-04 19:39:20.819000+00:00,True,28.0,4675.296439,2,1,True,False,False
2026-01-04 03:07:46.500000+00:00,True,77.0,4691.822639,10,1,False,True,False
2026-01-03 01:06:50.993000+00:00,True,55.0,4717.838058,4,2,True,False,False
2026-01-03 00:58:24.710000+00:00,True,39.0,4717.978692,0,0,True,False,False
2026-01-02 05:56:12.443000+00:00,True,46.0,4737.015433,42,20,True,False,False
2026-01-02 05:41:34.712000+00:00,True,48.0,4737.259247,1,0,True,False,False
2026-01-02 04:06:38.253000+00:00,True,65.0,4738.841596,15,1,True,False,False
2026-01-02 03:25:09.443000+00:00,True,30.0,4739.532933,8,0,False,False,False
2026-01-01 20:13:22.058000+00:00,True,50.0,4746.729428,51,25,True,False,False
2026-01-01 17:40:34.505000+00:00,True,67.0,4749.275971,52,25,True,False,False
2026-01-01 09:05:33.550000+00:00,True,79.0,4757.859569,34,12,True,False,False
2026-01-01 06:10:16.076000+00:00,True,53.0,4760.78109,1,0,False,False,False
2025-12-31 20:40:51.214000+00:00,True,57.0,4770.271329,17,8,True,False,False
2025-12-31 19:22:07.163000+00:00,True,78.0,4771.583566,37,10,True,False,False
2025-12-31 15:11:14.177000+00:00,True,59.0,4775.764951,61,30,True,False,False
2025-12-31 14:58:49.046000+00:00,True,32.0,4775.971932,40,19,True,False,False
2025-12-31 14:44:55.167000+00:00,True,26.0,4776.203565,22,10,True,False,False
2025-12-31 05:11:40.395000+00:00,True,50.0,4785.757668,151,13,True,False,False
2025-12-31 04:56:45.068000+00:00,True,28.0,4786.00637,5,2,True,False,False
2025-12-30 00:48:44.101000+00:00,True,41.0,4814.139972,44,10,False,False,False
2025-12-30 00:22:14.393000+00:00,True,42.0,4814.581558,60,10,True,False,False
2025-12-30 00:06:13.490000+00:00,True,76.0,4814.848475,140,21,True,False,False
2025-12-29 23:48:42.168000+00:00,True,38.0,4815.140509,87,42,True,False,False
2025-12-29 22:47:18.098000+00:00,True,45.0,4816.163862,75,10,False,False,False
2025-12-29 04:52:24.665000+00:00,True,66.0,4834.078704,55,10,True,False,False
2025-12-29 04:43:27.860000+00:00,True,54.0,4834.227817,59,10,True,False,False
2025-12-29 04:21:53.464000+00:00,True,34.0,4834.587371,40,5,False,False,False
2025-12-29 02:44:27.842000+00:00,True,23.0,4836.211155,4,2,True,False,False
2025-12-29 02:26:21.339000+00:00,True,31.0,4836.512961,21,10,True,False,False
2025-12-29 01:28:23.539000+00:00,True,44.0,4837.479017,52,7,False,False,False
2025-12-28 18:13:55.060000+00:00,True,51.0,4844.720261,41,20,True,False,False
2025-12-28 02:00:46.565000+00:00,True,55.0,4860.939287,21,10,True,False,False
2025-12-28 01:44:35.972000+00:00,True,44.0,4861.208897,62,30,True,False,False
2025-12-28 01:39:43.827000+00:00,True,21.0,4861.290048,62,30,True,False,False
2025-12-28 01:22:47.840000+00:00,True,28.0,4861.572267,62,30,True,False,False
2025-12-28 01:12:39.067000+00:00,True,259.0,4861.74137,232,14,True,False,False
2025-12-27 21:53:40.177000+00:00,True,365.0,4865.057729,44,10,False,True,False
2025-12-27 03:13:29.711000+00:00,True,30.0,4883.727303,17,3,True,False,False
2025-12-26 06:55:02.913000+00:00,True,251.0,4904.034746,24,4,True,False,False
2025-12-26 03:29:26.640000+00:00,True,78.0,4907.461489,102,10,True,False,False
2025-12-26 02:56:21.677000+00:00,True,65.0,4908.012867,96,22,True,False,False
2025-12-26 01:11:58.785000+00:00,True,39.0,4909.75256,30,7,False,True,False
2025-12-25 22:18:25.817000+00:00,True,80.0,4912.645051,90,21,True,False,False
2025-12-25 22:10:45.504000+00:00,True,78.0,4912.772916,171,15,True,False,False
2025-12-25 20:23:34.183000+00:00,True,50.0,4914.559394,112,11,False,True,False
2025-12-25 19:19:08.502000+00:00,True,71.0,4915.633194,89,8,False,False,False
2025-12-25 07:44:22.705000+00:00,True,33.0,4927.212582,75,12,False,True,False
2025-12-25 06:29:29.034000+00:00,True,51.0,4928.460824,91,20,True,False,False
2025-12-25 05:16:09.388000+00:00,True,72.0,4929.682948,65,20,True,False,False
2025-12-25 05:04:30.101000+00:00,True,60.0,4929.877194,94,21,True,False,False
2025-12-25 04:01:31.946000+00:00,True,24.0,4930.926682,1,0,False,False,False
2025-12-25 03:20:21.065000+00:00,True,41.0,4931.613037,55,13,True,False,False
2025-12-24 17:08:53.830000+00:00,True,20.0,4941.803936,60,29,True,False,False
2025-12-24 07:24:30.628000+00:00,True,40.0,4951.543714,84,41,True,False,False
2025-12-24 00:09:09.036000+00:00,True,85.0,4958.799712,153,5,False,True,False
2025-12-23 15:27:20.182000+00:00,True,62.0,4967.496616,82,40,True,False,False
2025-12-23 02:27:30.489000+00:00,True,69.0,4980.493753,21,10,True,False,False
2025-12-23 02:22:09.557000+00:00,True,61.0,4980.582901,160,15,True,False,False
2025-12-22 15:55:49.406000+00:00,True,75.0,4991.021832,41,20,True,False,False
2025-12-22 03:53:59.061000+00:00,True,110.0,5003.052483,11,5,True,False,False
2025-12-22 03:33:02.933000+00:00,True,59.0,5003.401408,19,2,False,False,False
2025-12-22 03:13:51.585000+00:00,True,62.0,5003.721226,25,2,False,False,False
2025-12-22 03:01:36.103000+00:00,True,37.0,5003.925527,8,3,True,False,False
2025-12-22 02:31:42.213000+00:00,True,48.0,5004.42383,20,2,False,False,False
2025-12-22 01:11:53.498000+00:00,True,63.0,5005.754028,33,6,False,False,False
2025-12-21 22:39:40.709000+00:00,True,91.0,5008.290914,34,16,True,False,False
2025-12-21 22:28:18.201000+00:00,True,92.0,5008.4805,38,5,False,False,False
2025-12-21 22:14:32.593000+00:00,True,58.0,5008.709835,15,7,True,False,False
2025-12-21 22:07:50.560000+00:00,True,49.0,5008.821511,4,1,True,False,False
2025-12-21 19:48:25.964000+00:00,True,245.0,5011.14501,86,7,False,False,False
2025-12-21 15:49:52.075000+00:00,True,78.0,5015.12109,28,13,True,False,False
2025-12-21 14:48:00.373000+00:00,True,76.0,5016.152119,17,6,False,False,False
2025-12-21 01:44:57.004000+00:00,True,142.0,5029.203054,20,2,True,False,False
2025-12-21 01:04:06.819000+00:00,True,71.0,5029.883661,7,0,False,False,False
2025-12-21 00:59:01.202000+00:00,True,63.0,5029.968555,44,6,True,False,False
2025-12-20 20:37:47.903000+00:00,True,67.0,5034.322249,14,5,False,False,False
2025-12-20 19:04:14.797000+00:00,True,107.0,5035.881445,127,6,True,False,False
2025-12-20 18:43:34.403000+00:00,True,84.0,5036.225999,149,12,False,False,False
2025-12-20 18:27:39.315000+00:00,True,12098.0,5036.491301,165,13,True,False,False
2025-12-20 17:56:03.233000+00:00,True,57.0,5037.017991,13,1,False,False,False
2025-12-20 17:48:35.666000+00:00,True,54.0,5037.142315,28,10,False,False,False
2025-12-20 17:06:07.996000+00:00,True,46.0,5037.850001,29,14,True,False,False
2025-12-20 15:18:12.312000+00:00,True,53.0,5039.648802,32,15,True,False,False
2025-12-20 15:14:02.795000+00:00,True,35.0,5039.718112,32,15,True,False,False
2025-12-20 07:15:52.408000+00:00,True,38.0,5047.687664,2,1,True,False,False
2025-12-20 06:16:14.890000+00:00,True,28.0,5048.681419,16,1,False,False,False
2025-12-20 03:36:02.030000+00:00,True,35.0,5051.351658,13,1,False,False,False
2025-12-20 03:34:07.178000+00:00,True,35.0,5051.383562,17,1,False,False,False
2025-12-20 03:07:55.762000+00:00,True,26.0,5051.820066,42,20,True,False,False
2025-12-18 23:29:29.098000+00:00,True,74.0,5079.460806,398,39,False,False,False
2025-12-18 22:47:50.063000+00:00,True,61.0,5080.154982,314,36,False,False,False
2025-12-18 22:30:24.077000+00:00,True,48.0,5080.445534,87,9,False,False,False
2025-12-18 21:59:22.442000+00:00,True,50.0,5080.962655,36,17,True,False,False
2025-12-18 17:46:58.392000+00:00,True,51.0,5085.169336,13,1,False,False,False
2025-12-18 17:44:03.283000+00:00,True,46.0,5085.217977,19,1,False,False,False
2025-12-18 17:42:06.038000+00:00,True,32.0,5085.250545,29,7,False,False,False
2025-12-18 06:02:29.094000+00:00,True,37.0,5096.910807,14,0,False,False,False
2025-12-18 05:59:13.649000+00:00,True,38.0,5096.965097,36,10,False,False,False
2025-12-18 00:19:49.036000+00:00,True,44.0,5102.621934,31,5,False,False,False
2025-12-17 05:06:40.162000+00:00,True,97.0,5121.841066,117,7,False,True,False
2025-12-17 01:07:26.029000+00:00,True,37.0,5125.828325,46,7,False,False,False
2025-12-16 21:38:39.911000+00:00,True,44.0,5129.307803,218,10,True,False,False
2025-12-16 17:44:04.185000+00:00,True,44.0,5133.217726,35,9,False,False,False
2025-12-16 00:40:54.960000+00:00,True,55.0,5150.270289,47,23,True,False,False
2025-12-15 21:16:51.653000+00:00,False,,5153.671207,39,1,True,False,False
2025-12-14 15:49:59.272000+00:00,False,,5183.119091,63,0,True,False,False
2025-12-14 00:21:33.468000+00:00,True,35.0,5198.592926,107,10,False,True,False
2025-12-13 21:42:07.747000+00:00,True,44.0,5201.25007,68,10,False,False,False
2025-12-13 02:26:24.152000+00:00,True,37.0,5220.51218,122,7,False,True,False
2025-12-11 18:11:29.485000+00:00,True,32.0,5252.760699,125,10,False,False,False
2025-12-11 17:57:52.489000+00:00,True,68.0,5252.987642,171,10,True,False,False
2025-12-10 18:48:55.929000+00:00,True,35.0,5276.136686,142,9,False,False,False
2025-12-10 18:29:28.515000+00:00,False,,5276.460968,46,0,True,False,False
2025-12-10 16:14:16.056000+00:00,True,23.0,5278.714429,89,10,False,False,False
2025-12-10 05:41:47.003000+00:00,True,29.0,5289.255832,21,10,True,False,False
2025-12-10 05:05:08.458000+00:00,True,35.0,5289.866539,30,8,True,False,False
2025-12-09 18:46:34.242000+00:00,True,58.0,5300.176044,26,6,False,False,False
2025-12-09 16:10:34.879000+00:00,True,28.0,5302.775867,57,10,False,False,False
2025-12-09 15:36:52.233000+00:00,True,15.0,5303.337713,23,3,True,False,False
2025-12-09 07:32:47.944000+00:00,True,15.0,5311.405571,42,20,True,False,False
2025-12-09 05:42:57.937000+00:00,True,18.0,5313.236129,53,4,False,True,False
2025-12-08 23:56:08.612000+00:00,True,29.0,5319.016497,24,1,False,False,False
2025-12-08 23:51:38.967000+00:00,True,43.0,5319.091398,29,7,False,False,False
2025-12-08 14:29:27.936000+00:00,True,197.0,5328.461129,166,17,False,False,False
2025-12-08 00:37:03.384000+00:00,True,78.0,5342.334616,57,16,False,True,False
2025-12-07 21:18:48.943000+00:00,True,24.0,5345.638627,43,7,False,False,False
2025-12-07 20:13:02.034000+00:00,True,60.0,5346.734991,82,25,False,False,False
2025-12-07 19:32:25.832000+00:00,True,36.0,5347.411713,137,15,False,False,False
2025-12-07 19:07:43.530000+00:00,True,49.0,5347.823464,53,7,False,False,False
2025-12-06 23:52:30.947000+00:00,True,76.0,5367.076959,196,10,False,True,False
2025-12-06 23:29:01.771000+00:00,True,18.0,5367.468397,28,13,True,False,False
2025-12-06 22:59:38.474000+00:00,True,20.0,5367.958202,26,12,True,False,False
2025-12-06 22:56:17.583000+00:00,True,29.0,5368.014005,52,5,False,True,False
2025-12-06 22:26:36.831000+00:00,True,10.0,5368.508658,0,0,True,False,False
2025-12-06 21:20:13.957000+00:00,True,11.0,5369.615012,32,15,True,False,False
2025-12-06 21:18:07.244000+00:00,True,14.0,5369.65021,40,19,True,False,False
2025-12-06 21:14:15.070000+00:00,True,19.0,5369.714703,34,16,True,False,False
2025-12-06 21:01:13.484000+00:00,False,,5369.93181,21,0,False,True,False
2025-12-06 19:31:28.122000+00:00,True,29.0,5371.427744,216,15,True,False,False
2025-12-06 19:18:52.882000+00:00,True,25.0,5371.637533,31,15,True,False,False
2025-12-06 04:30:47.859000+00:00,True,47.0,5386.438928,10,1,False,False,False
2025-12-06 03:48:12.718000+00:00,True,40.0,5387.148689,106,30,False,False,False
2025-12-05 23:45:35.176000+00:00,True,26.0,5391.192451,33,15,True,False,False
2025-12-05 21:36:41.836000+00:00,True,25.0,5393.340601,32,15,True,False,False
2025-12-05 16:36:04.416000+00:00,True,33.0,5398.350996,64,30,False,True,False
2025-12-05 16:09:05.729000+00:00,True,66.0,5398.800631,22,6,False,False,False
2025-12-04 20:34:37.486000+00:00,True,37.0,5418.375143,15,0,False,False,False
2025-12-04 20:32:49.887000+00:00,True,36.0,5418.405031,23,0,False,False,False
2025-12-04 19:36:20.245000+00:00,True,28.0,5419.346599,14,0,False,False,False
2025-12-04 01:56:14.356000+00:00,True,60.0,5437.014901,28,10,False,False,False
2025-12-04 01:51:44.092000+00:00,True,41.0,5437.089974,14,0,False,False,False
2025-12-04 01:48:13.129000+00:00,True,22.0,5437.148575,11,0,False,False,False
2025-12-04 01:44:44.561000+00:00,True,25.0,5437.206511,11,0,False,False,False
2025-12-04 01:39:57.455000+00:00,True,26.0,5437.286263,14,0,False,False,False
2025-12-04 01:24:01.820000+00:00,True,52.0,5437.551717,91,28,True,False,False
2025-12-04 01:13:16.285000+00:00,True,30.0,5437.731032,13,0,False,False,False
2025-12-04 00:54:16.973000+00:00,True,35.0,5438.047507,69,7,False,False,False
2025-12-04 00:46:29.423000+00:00,True,33.0,5438.177383,89,6,False,True,False
2025-12-04 00:02:36.005000+00:00,True,47.0,5438.908888,100,26,False,False,False
2025-12-03 17:41:16.695000+00:00,True,58.0,5445.264251,199,12,True,False,False
2025-12-03 15:16:05.114000+00:00,True,16.0,5447.684135,14,0,False,False,False
2025-12-03 04:19:41.474000+00:00,True,19.0,5458.624035,8,0,False,False,False
2025-12-03 02:24:01.995000+00:00,True,21.0,5460.551668,15,1,False,False,False
2025-12-02 23:30:31.260000+00:00,True,25.0,5463.443539,21,10,True,False,False
2025-12-02 20:52:13.523000+00:00,True,42.0,5466.081799,32,15,False,False,False
2025-12-02 20:02:59.385000+00:00,True,36.0,5466.902393,43,12,False,False,False
2025-12-02 18:03:16.640000+00:00,True,21.0,5468.8976,80,5,False,False,False
2025-12-02 16:24:02.958000+00:00,True,30.0,5470.551401,211,20,False,False,False
2025-12-02 14:52:26.954000+00:00,True,36.0,5472.078068,19,5,False,False,False
2025-12-02 14:43:14.744000+00:00,True,27.0,5472.23146,0,0,True,False,False
2025-12-01 21:24:08.623000+00:00,True,41.0,5489.549827,38,18,True,False,False
2025-12-01 19:23:42.048000+00:00,True,36.0,5491.557209,42,20,False,False,False
2025-12-01 17:37:45.615000+00:00,True,51.0,5493.322885,322,20,False,False,False
2025-12-01 00:42:58.830000+00:00,True,43.0,5510.235881,39,15,False,True,False
2025-11-30 23:30:17.581000+00:00,True,56.0,5511.447339,4,1,True,False,False
2025-11-30 21:16:17.740000+00:00,True,73.0,5513.680628,28,13,True,False,False
2025-11-30 21:13:12.310000+00:00,True,47.0,5513.732136,83,6,False,True,False
2025-11-30 17:11:13.642000+00:00,True,22.0,5517.765099,37,18,True,False,False
2025-11-30 17:07:33.597000+00:00,True,24.0,5517.826223,28,13,True,False,False
2025-11-29 21:27:18.882000+00:00,True,103.0,5537.496977,32,15,False,False,False
2025-11-29 20:54:41.300000+00:00,True,85.0,5538.04075,44,21,False,False,False
2025-11-29 20:46:01.786000+00:00,True,93.0,5538.185059,44,21,False,False,False
2025-11-29 20:29:49.284000+00:00,True,65.0,5538.455199,356,16,False,False,False
2025-11-29 19:38:54.116000+00:00,True,83.0,5539.303857,385,21,False,False,False
2025-11-29 19:08:52.042000+00:00,True,30.0,5539.804433,97,18,False,False,False
2025-11-29 18:31:56.679000+00:00,True,61.0,5540.419811,29,14,True,False,False
2025-11-29 17:44:09.699000+00:00,True,63.0,5541.216195,35,15,False,True,False
2025-11-29 16:49:15.947000+00:00,True,47.0,5542.131126,1,0,False,False,False
2025-11-29 00:43:33.566000+00:00,True,46.0,5558.226232,0,0,True,False,False
2025-11-29 00:35:11.162000+00:00,True,22.0,5558.365788,13,0,False,False,False
2025-11-28 23:54:25.332000+00:00,True,21.0,5559.045186,44,12,False,False,False
2025-11-28 23:24:41.828000+00:00,True,21.0,5559.540603,1,0,True,False,False
2025-11-28 23:20:59.017000+00:00,True,26.0,5559.602495,30,3,False,False,False
2025-11-28 23:14:41.185000+00:00,True,21.0,5559.707449,54,14,False,False,False
2025-11-28 17:40:27.661000+00:00,True,31.0,5565.277872,14,1,False,False,False
2025-11-28 17:33:58.203000+00:00,True,28.0,5565.386055,63,19,False,False,False
2025-11-28 16:35:21.952000+00:00,True,33.0,5566.362791,20,5,False,False,False
2025-11-28 16:29:39.075000+00:00,True,25.0,5566.458035,26,4,False,False,False
2025-11-28 15:30:34.770000+00:00,True,36.0,5567.442564,31,10,True,False,False
2025-11-28 15:07:45.925000+00:00,True,39.0,5567.822799,1,0,True,False,False
2025-11-28 14:42:46.382000+00:00,True,26.0,5568.239338,35,4,False,False,False
2025-11-28 03:31:27.430000+00:00,True,170.0,5579.427936,154,10,False,False,False
2025-11-27 19:02:08.360000+00:00,True,99.0,5587.916567,137,10,False,True,False
2025-11-27 18:53:36.237000+00:00,True,43.0,5588.058823,151,11,False,True,False
2025-11-27 18:22:17.814000+00:00,True,35.0,5588.580607,27,13,True,False,False
2025-11-27 18:14:22.688000+00:00,True,38.0,5588.712587,10,5,True,False,False
2025-11-27 18:08:38.143000+00:00,True,26.0,5588.808294,19,9,True,False,False
2025-11-27 18:03:27.542000+00:00,True,20.0,5588.894572,15,7,True,False,False
2025-11-27 18:00:37.692000+00:00,True,71.0,5588.941752,95,8,False,True,False
2025-11-27 17:52:39.164000+00:00,True,63.0,5589.074677,100,52,False,True,False
2025-11-27 17:27:12.435000+00:00,True,34.0,5589.498768,17,5,False,False,False
2025-11-27 05:06:44.863000+00:00,True,31.0,5601.83976,1,0,True,False,False
2025-11-27 02:35:28.652000+00:00,True,53.0,5604.36093,16,0,False,False,False
2025-11-27 01:59:05.651000+00:00,True,66.0,5604.967319,66,7,True,False,False
2025-11-27 01:50:28.160000+00:00,True,48.0,5605.111067,62,10,True,False,False
2025-11-27 01:38:37.686000+00:00,True,174.0,5605.308421,94,15,True,False,False
2025-11-27 00:51:30.267000+00:00,True,35.0,5606.093815,29,14,True,False,False
2025-11-27 00:13:50.305000+00:00,True,21.0,5606.721582,15,0,False,False,False
2025-11-27 00:10:50.046000+00:00,True,21.0,5606.771654,43,10,False,False,False
2025-11-26 15:34:17.118000+00:00,True,21.0,5615.380801,32,15,True,False,False
2025-11-26 14:29:20.787000+00:00,True,17.0,5616.463115,5,0,False,False,False
2025-11-25 20:10:43.278000+00:00,True,52.0,5634.773534,0,0,True,False,False
2025-11-25 20:10:03.963000+00:00,True,43.0,5634.784455,21,10,True,False,False
2025-11-25 16:10:45.597000+00:00,True,128.0,5638.77289,30,14,True,False,False
2025-11-25 14:15:09.541000+00:00,False,,5640.699572,99,0,False,True,False
2025-11-25 13:50:17.301000+00:00,True,11.0,5641.114083,5,0,False,True,False
2025-11-25 02:07:12.732000+00:00,True,49.0,5652.832019,32,10,True,False,False
2025-11-24 21:11:08.290000+00:00,True,43.0,5657.766586,60,6,False,False,False
2025-11-24 20:55:46.353000+00:00,True,48.0,5658.02268,165,7,False,True,False
2025-11-24 05:10:21.029000+00:00,True,46.0,5673.779714,171,20,False,False,False
2025-11-24 03:19:57.204000+00:00,True,27.0,5675.619666,40,6,False,False,False
2025-11-24 01:22:18.744000+00:00,True,35.0,5677.580349,32,15,True,False,False
2025-11-23 23:31:37.848000+00:00,True,24.0,5679.425042,38,18,True,False,False
2025-11-23 23:21:56.517000+00:00,True,21.0,5679.586523,42,20,True,False,False
2025-11-23 21:27:22.897000+00:00,False,,5681.495862,99,0,False,True,False
2025-11-23 19:06:48.828000+00:00,True,615.0,5683.838659,38,12,False,False,False
2025-11-23 17:23:39.423000+00:00,True,93.0,5685.557938,57,16,True,False,False
2025-11-23 00:22:59.753000+00:00,True,46.0,5702.568958,58,7,False,False,False
2025-11-21 19:56:32.773000+00:00,True,62.0,5731.009785,61,6,False,False,False
2025-11-21 14:54:06.842000+00:00,True,51.0,5736.050322,116,8,False,False,False
2025-11-21 01:54:45.232000+00:00,True,130.0,5749.039658,262,38,False,False,False
2025-11-20 15:24:26.479000+00:00,True,56.0,5759.544867,49,15,True,False,False
2025-11-20 14:54:02.601000+00:00,True,31.0,5760.0515,1,0,False,False,False
2025-11-20 14:52:32.157000+00:00,True,24.0,5760.076623,1,0,True,False,False
2025-11-20 03:15:55.896000+00:00,True,48.0,5771.686696,1,0,True,False,False
2025-11-19 16:01:53.368000+00:00,True,79.0,5782.920731,59,6,False,False,False
2025-11-19 02:45:14.193000+00:00,True,101.0,5796.19828,20,9,True,False,False
2025-11-18 19:59:27.400000+00:00,True,73.0,5802.961278,35,9,True,False,False
2025-11-18 18:28:03.343000+00:00,True,62.0,5804.484627,44,7,True,False,False
2025-11-18 17:08:15.974000+00:00,True,24.0,5805.814452,3,1,True,False,False
2025-11-18 16:31:15.063000+00:00,True,37.0,5806.431371,34,16,True,False,False
2025-11-18 16:25:15.839000+00:00,True,33.0,5806.531156,41,20,True,False,False
2025-11-17 18:10:45.637000+00:00,True,29.0,5828.772879,1,0,True,False,False
2025-11-17 16:04:24.219000+00:00,False,,5830.878828,31,0,False,True,False
2025-11-17 15:35:53.436000+00:00,False,,5831.354046,58,5,True,False,False
2025-11-17 04:31:42.232000+00:00,True,31.0,5842.423824,132,11,False,False,False
2025-11-17 03:38:32.084000+00:00,True,26.0,5843.309977,22,2,False,False,False
2025-11-17 01:22:25.623000+00:00,True,20.0,5845.578438,32,15,True,False,False
2025-11-16 23:24:44.936000+00:00,True,28.0,5847.53974,22,10,True,False,False
2025-11-16 22:43:14.252000+00:00,True,80.0,5848.231597,48,23,False,False,False
2025-11-16 22:03:52.094000+00:00,True,71.0,5848.887752,100,12,False,False,False
2025-11-16 21:23:14.066000+00:00,True,32.0,5849.564982,22,3,True,False,False
2025-11-16 19:19:47.330000+00:00,False,,5851.622408,0,0,True,False,False
2025-11-16 19:14:20.273000+00:00,True,30.0,5851.713258,32,15,True,False,False
2025-11-16 19:07:40.844000+00:00,True,108.0,5851.82421,40,10,False,True,False
2025-11-16 03:38:15.244000+00:00,True,966.0,5867.314654,52,14,True,False,False
2025-11-16 02:33:03.653000+00:00,True,15.0,5868.401208,0,0,True,False,False
2025-11-16 01:59:29.235000+00:00,True,9.0,5868.960768,0,0,False,False,False
2025-11-15 22:14:56.255000+00:00,True,34.0,5872.703263,29,5,True,False,False
2025-11-15 21:33:26.916000+00:00,True,25.0,5873.394746,21,4,True,False,False
2025-11-15 21:31:37.379000+00:00,True,39.0,5873.425172,56,6,True,False,False
2025-11-15 21:21:46.781000+00:00,True,57.0,5873.589228,95,7,True,False,False
2025-11-15 18:46:13.733000+00:00,True,37.0,5876.181741,2,1,True,False,False
2025-11-15 16:36:27.121000+00:00,True,11.0,5878.344689,1,0,True,False,False
2025-11-15 15:48:35.614000+00:00,True,9.0,5879.142329,0,0,True,False,False
2025-11-15 15:39:16.091000+00:00,True,20.0,5879.297753,48,14,True,False,False
2025-11-15 15:32:58.144000+00:00,True,13.0,5879.402738,1,0,True,False,False
2025-11-15 15:09:39.848000+00:00,True,16.0,5879.791153,0,0,True,False,False
2025-11-15 14:18:12.199000+00:00,True,7.0,5880.648834,30,14,True,False,False
2025-11-15 14:08:43.036000+00:00,True,8.0,5880.806934,6,0,True,False,False
2025-11-15 06:57:09.899000+00:00,True,185.0,5887.999472,179,8,False,False,False
2025-11-15 04:09:24.460000+00:00,True,51.0,5890.795428,35,6,True,False,False
2025-11-13 16:43:46.646000+00:00,True,66.0,5926.222598,52,12,True,False,False
2025-11-13 16:40:45.120000+00:00,True,15.0,5926.273022,32,15,True,False,False
2025-11-13 14:41:24.576000+00:00,True,11.0,5928.262062,20,0,False,False,False
2025-11-13 01:53:16.613000+00:00,True,30.0,5941.064274,18,1,False,False,False
2025-11-12 20:39:54.890000+00:00,True,19.0,5946.286975,17,8,True,False,False
2025-11-11 21:33:58.355000+00:00,True,87.0,5969.386013,16,0,True,False,False
2025-11-11 19:03:12.757000+00:00,True,129.0,5971.898679,1,0,True,False,False
2025-11-11 16:26:14.459000+00:00,True,74.0,5974.514872,52,5,True,False,False
2025-11-11 04:48:26.266000+00:00,True,52.0,5986.144926,14,1,False,False,False
2025-11-11 04:47:51.547000+00:00,True,28.0,5986.15457,11,5,True,False,False
2025-11-10 23:31:07.119000+00:00,True,28.0,5991.433578,27,12,True,False,False
2025-11-10 19:16:29.757000+00:00,True,29.0,5995.67729,10,5,True,False,False
2025-11-10 17:34:57.958000+00:00,True,31.0,5997.369456,26,12,False,True,False
2025-11-10 16:14:04.115000+00:00,True,134.0,5998.717746,150,28,True,False,False
2025-11-10 07:28:25.470000+00:00,True,49.0,6007.478481,4,2,True,False,False
2025-11-10 00:59:54.792000+00:00,True,116.0,6013.953669,157,8,False,False,False
2025-11-09 18:10:47.080000+00:00,True,506.0,6020.772478,112,16,True,False,False
2025-11-09 05:26:43.278000+00:00,True,85.0,6033.506867,111,19,False,False,False
2025-11-09 03:13:05.715000+00:00,True,26.0,6035.733968,3,1,True,False,False
2025-11-07 22:20:21.312000+00:00,True,48.0,6064.612969,17,1,False,False,False
2025-11-07 16:28:19.152000+00:00,True,60.0,6070.480236,0,0,True,False,False
2025-11-07 14:16:05.918000+00:00,True,52.0,6072.683912,16,5,False,False,False
2025-11-06 06:11:33.687000+00:00,True,53.0,6104.759531,38,10,False,False,False
2025-11-06 02:04:59.388000+00:00,True,18.0,6108.869059,1,0,True,False,False
2025-11-04 02:50:45.528000+00:00,True,107.0,6156.106242,32,0,False,False,False
2025-11-01 14:55:51.563000+00:00,True,328.0,6216.021232,46,7,False,True,False
2025-11-01 04:28:31.994000+00:00,True,153.0,6226.476668,41,5,False,False,False
2025-11-01 04:08:53.855000+00:00,True,50.0,6226.803929,40,5,False,False,False
2025-10-30 17:10:58.006000+00:00,True,53.0,6261.769443,29,7,False,False,False
2025-10-29 22:14:52.249000+00:00,True,43.0,6280.704375,1,0,True,False,False
2025-10-29 21:50:29.871000+00:00,True,56.0,6281.110591,69,24,True,False,False
2025-10-29 20:36:17.409000+00:00,True,13.0,6282.347386,0,0,True,False,False
2025-10-29 17:39:34.781000+00:00,True,16.0,6285.292561,0,0,True,False,False
2025-10-29 16:59:19.359000+00:00,True,40.0,6285.963511,51,7,False,False,False
2025-10-29 03:42:15.236000+00:00,True,40.0,6299.24799,262,26,False,False,False
2025-10-29 00:59:22.581000+00:00,True,103.0,6301.962616,26,5,False,True,False
2025-10-28 21:49:22.847000+00:00,True,62.0,6305.129209,37,1,False,False,False
2025-10-28 03:08:05.073000+00:00,True,53.0,6323.81748,93,9,False,False,False
2025-10-28 02:17:45.637000+00:00,True,43.0,6324.656212,19,5,True,False,False
2025-10-28 01:56:27.023000+00:00,True,29.0,6325.011383,31,15,False,False,False
2025-10-27 05:56:53.870000+00:00,True,243.0,6345.003925,72,20,False,False,False
2025-10-27 05:33:34.532000+00:00,True,97.0,6345.39263,58,28,False,False,False
2025-10-26 22:34:27.257000+00:00,True,55.0,6352.377984,30,14,False,False,False
2025-10-26 20:26:19.779000+00:00,True,57.0,6354.513395,1,0,False,False,False
2025-10-26 06:37:51.509000+00:00,True,60.0,6368.321248,0,0,False,False,False
2025-10-25 23:48:25.012000+00:00,True,78.0,6375.145274,243,4,False,False,False
2025-10-25 20:06:39.123000+00:00,True,176.0,6378.841355,37,4,False,False,False
2025-10-25 18:35:13.582000+00:00,True,102.0,6380.365116,19,3,False,False,False
2025-10-25 18:32:26.206000+00:00,True,45.0,6380.411609,18,3,False,False,False
2025-10-25 18:26:55.790000+00:00,True,23.0,6380.503392,12,2,False,False,False
2025-10-24 03:21:49.175000+00:00,True,64.0,6419.588563,1,0,True,False,False
2025-10-23 15:14:09.913000+00:00,True,36.0,6431.716135,22,0,False,False,False
2025-10-23 14:40:21.868000+00:00,True,23.0,6432.279481,0,0,True,False,False
2025-10-23 13:42:08.779000+00:00,True,24.0,6433.249784,0,0,True,False,False
2025-10-23 12:53:35.570000+00:00,True,23.0,6434.059008,1,0,True,False,False
2025-10-23 01:30:35.518000+00:00,True,54.0,6445.442356,43,12,False,False,False
2025-10-22 21:49:15.506000+00:00,True,94.0,6449.131248,42,10,False,False,False
2025-10-22 18:36:06.131000+00:00,True,81.0,6452.350519,45,5,False,False,False
2025-10-21 21:50:06.574000+00:00,True,103.0,6473.117063,47,7,False,False,False
2025-10-19 21:26:12.961000+00:00,True,87.0,6521.515289,8,4,True,False,False
2025-10-19 20:44:41.114000+00:00,True,39.0,6522.207468,8,4,True,False,False
2025-10-19 20:43:49.890000+00:00,True,21.0,6522.221697,8,4,True,False,False
2025-10-19 20:42:16.598000+00:00,True,18.0,6522.247612,8,4,True,False,False
2025-10-19 19:48:56.939000+00:00,True,14.0,6523.136406,1,0,True,False,False
2025-10-19 18:29:20.046000+00:00,True,23.0,6524.463321,20,10,False,True,False
2025-10-19 03:01:22.987000+00:00,True,22.0,6539.92917,2,1,True,False,False
2025-10-18 21:57:49.223000+00:00,True,23.0,6544.988549,7,0,False,False,False
2025-10-18 04:02:41.996000+00:00,True,53.0,6562.907223,23,4,False,False,False
2025-10-18 03:19:42.032000+00:00,True,16.0,6563.62388,21,5,False,False,False
2025-10-18 03:19:20.759000+00:00,True,21.0,6563.629789,20,4,False,False,False
2025-10-18 03:19:02.048000+00:00,True,27.0,6563.634987,21,4,False,False,False
2025-10-18 03:18:46.072000+00:00,True,15.0,6563.639424,20,4,False,False,False
2025-10-18 03:18:22.885000+00:00,True,19.0,6563.645865,23,5,False,False,False
2025-10-18 03:18:07.896000+00:00,True,11.0,6563.650029,23,5,False,False,False
2025-10-18 03:17:40.397000+00:00,True,20.0,6563.657667,26,5,False,False,False
2025-10-18 01:26:51.628000+00:00,True,33.0,6565.504548,1,0,False,False,False
2025-10-16 20:53:31.491000+00:00,True,121.0,6594.060141,32,2,False,False,False
2025-10-15 21:08:22.627000+00:00,True,71.0,6617.812604,0,0,False,False,False
2025-10-14 15:55:43.609000+00:00,False,,6647.023442,73,1,False,False,True
2025-10-14 02:27:33.541000+00:00,False,,6660.492905,46,0,True,False,False
2025-10-14 02:09:18.033000+00:00,True,14.0,6660.797213,36,6,False,False,False
2025-10-10 20:54:32.929000+00:00,True,27.0,6738.043075,29,14,True,False,False
2025-10-06 02:52:30.455000+00:00,True,90.0,6852.077096,22,6,False,False,False
2025-10-05 20:41:11.499000+00:00,True,85.0,6858.265695,17,4,False,False,False
2025-10-05 20:22:24.673000+00:00,False,,6858.578702,49,1,True,False,False
2025-10-04 20:42:25.427000+00:00,True,169.0,6882.245159,20,6,False,False,False
2025-10-04 06:09:18.346000+00:00,True,79.0,6896.797126,36,6,False,False,False
2025-10-02 02:14:30.516000+00:00,True,28.0,6948.710412,10,0,False,False,False
2025-10-01 03:17:33.541000+00:00,True,126.0,6971.659572,13,0,False,False,False
2025-09-30 19:31:39.012000+00:00,True,105.0,6979.424719,45,9,False,False,False
2025-09-30 17:55:42.331000+00:00,True,39.0,6981.023797,18,9,False,False,False
2025-09-30 16:52:59.981000+00:00,True,21.0,6982.068894,40,6,False,False,False
2025-09-30 05:19:37.575000+00:00,True,27.0,6993.625118,15,0,False,False,False
2025-09-29 00:22:11.313000+00:00,True,79.0,7022.582413,41,10,False,False,False
2025-09-28 23:29:04.229000+00:00,True,30.0,7023.467714,6,0,False,False,False
2025-09-28 22:05:48.804000+00:00,True,9.0,7024.855332,11,0,False,False,False
2025-09-28 22:00:41.824000+00:00,True,18.0,7024.940604,6,0,False,False,False
2025-09-28 16:20:42.642000+00:00,True,49.0,7030.607044,15,0,False,False,False
2025-09-28 16:12:15.452000+00:00,True,48.0,7030.74793,19,0,False,False,False
2025-09-28 00:54:26.242000+00:00,True,24.0,7046.044933,40,4,False,False,False
2025-09-27 18:09:06.269000+00:00,True,28.0,7052.800481,1,0,True,False,False
2025-09-27 00:36:32.957000+00:00,True,36.0,7070.343067,21,0,False,False,False
2025-09-26 19:08:27.210000+00:00,True,38.0,7075.811331,8,0,False,False,False
2025-09-26 19:04:54.443000+00:00,True,37.0,7075.870432,10,0,False,False,False
2025-09-26 02:04:31.840000+00:00,True,27.0,7092.876711,24,4,False,False,False
2025-09-25 04:42:30.281000+00:00,True,79.0,7114.243811,13,2,False,False,False
2025-09-25 03:30:00.225000+00:00,True,37.0,7115.45216,17,4,False,False,False
2025-09-25 02:08:38.517000+00:00,True,16.0,7116.80819,11,0,False,False,False
2025-09-23 06:03:01.081000+00:00,True,55.0,7160.901922,9,0,False,False,False
2025-09-21 23:35:38.303000+00:00,True,81.0,7191.358249,59,5,False,False,False
2025-09-21 18:44:47.616000+00:00,True,84.0,7196.205662,53,5,False,False,False
2025-09-20 23:59:40.982000+00:00,True,34.0,7214.957505,32,3,False,False,False
2025-09-20 23:14:01.733000+00:00,True,20.0,7215.718408,14,0,False,False,False
2025-09-20 20:37:12.164000+00:00,True,155.0,7218.332177,47,6,False,False,False
2025-09-20 18:25:26.361000+00:00,True,36.0,7220.528233,18,0,False,False,False
2025-09-20 17:40:47.007000+00:00,True,27.0,7221.272498,28,8,False,False,False
2025-09-20 01:38:57.434000+00:00,True,13.0,7237.302935,5,0,False,False,False
2025-09-19 16:25:42.152000+00:00,True,25.0,7246.523847,22,5,False,False,False
2025-09-18 02:36:41.246000+00:00,True,21.0,7284.340765,9,0,False,False,False
2025-09-18 02:21:35.022000+00:00,True,11.0,7284.592494,14,0,False,False,False
2025-09-17 20:45:17.966000+00:00,True,14.0,7290.197232,32,7,False,False,False
2025-09-13 23:06:22.120000+00:00,False,,7383.846078,69,0,False,True,False
2025-09-13 23:05:47.463000+00:00,False,,7383.855705,51,0,False,True,False
2025-09-12 18:53:44.618000+00:00,True,305.0,7412.056495,22,5,False,False,False
2025-09-12 16:12:36.941000+00:00,True,110.0,7414.741961,28,4,False,False,False
2025-09-12 03:37:56.469000+00:00,True,41.0,7427.31987,41,20,False,False,False
2025-09-06 19:58:37.458000+00:00,True,139.0,7554.975151,45,22,False,False,False
2025-09-06 01:56:58.669000+00:00,True,106.0,7573.002592,8,0,False,False,False
